country_name,iso3,year,theta_hat_A,cutoff
Australia,AUS,2000,-.0269208460229816,.0593002794631694
Australia,AUS,2001,-.0240027834803098,.0593002794631694
Australia,AUS,2002,-.0123980954858378,.0593002794631694
Australia,AUS,2003,-.0233707800499968,.0593002794631694
Australia,AUS,2004,-.0221537815679591,.0593002794631694
Australia,AUS,2005,-.0122901689539955,.0593002794631694
Australia,AUS,2006,-.0251442843955394,.0593002794631694
Australia,AUS,2007,-.0195106467168264,.0593002794631694
Australia,AUS,2008,-.0264232683605189,.0593002794631694
Australia,AUS,2009,-.0135654676036774,.0593002794631694
Australia,AUS,2010,-.024589561770116,.0593002794631694
Australia,AUS,2011,-.0256370626521216,.0593002794631694
Australia,AUS,2012,-.023578349535213,.0593002794631694
Australia,AUS,2013,-.0087283325161105,.0593002794631694
Australia,AUS,2014,-.0139367986407519,.0593002794631694
Australia,AUS,2015,-.0129583878281454,.0593002794631694
Australia,AUS,2016,-.0069691812692869,.0593002794631694
Australia,AUS,2017,-.0064374391593876,.0593002794631694
Australia,AUS,2018,-.0074317866724596,.0593002794631694
Austria,AUT,2000,.0080441703588406,.0593002794631694
Austria,AUT,2001,.0019159373034117,.0593002794631694
Austria,AUT,2002,.0163434179895176,.0593002794631694
Austria,AUT,2003,.0275706586679109,.0593002794631694
Austria,AUT,2004,.0034469849826067,.0593002794631694
Austria,AUT,2005,.0076388019988039,.0593002794631694
Austria,AUT,2006,.0211670296094266,.0593002794631694
Austria,AUT,2007,.0310721813696732,.0593002794631694
Austria,AUT,2008,.0073433855360284,.0593002794631694
Austria,AUT,2009,.0128162865127588,.0593002794631694
Austria,AUT,2010,.0141604169441688,.0593002794631694
Austria,AUT,2011,.0340756056757436,.0593002794631694
Austria,AUT,2012,.0337107065111121,.0593002794631694
Austria,AUT,2013,.0209412673136467,.0593002794631694
Austria,AUT,2014,.0279927076863987,.0593002794631694
Austria,AUT,2015,.052381218638531,.0593002794631694
Austria,AUT,2016,.0280281288863872,.0593002794631694
Austria,AUT,2017,.0283950522576132,.0593002794631694
Austria,AUT,2018,.0455301460112939,.0593002794631694
Belgium,BEL,2000,.0562403948023925,.0593002794631694
Belgium,BEL,2001,.0412785325983868,.0593002794631694
Belgium,BEL,2002,.0539623660126563,.0593002794631694
Belgium,BEL,2003,.0580044171894507,.0593002794631694
Belgium,BEL,2004,.0379641427498499,.0593002794631694
Belgium,BEL,2005,.0433367299678,.0593002794631694
Belgium,BEL,2006,.0465926761995937,.0593002794631694
Belgium,BEL,2007,.0432291275801862,.0593002794631694
Belgium,BEL,2008,.0217056768105792,.0593002794631694
Belgium,BEL,2009,.0290680450464478,.0593002794631694
Belgium,BEL,2010,.0280010909947168,.0593002794631694
Belgium,BEL,2011,.0484477145581634,.0593002794631694
Belgium,BEL,2012,.0428573757529236,.0593002794631694
Belgium,BEL,2013,.0354320233746361,.0593002794631694
Belgium,BEL,2014,.0497111770871417,.0593002794631694
Belgium,BEL,2015,.0654038397625053,.0593002794631694
Belgium,BEL,2016,.0463001976883942,.0593002794631694
Belgium,BEL,2017,.0443328110279439,.0593002794631694
Belgium,BEL,2018,.0638649100721778,.0593002794631694
Bangladesh,BGD,2016,.0095696673591899,.0593002794631694
Bangladesh,BGD,2017,.0119485430954484,.0593002794631694
Bangladesh,BGD,2018,-.0045413405287497,.0593002794631694
Brazil,BRA,2008,.0208488453438283,.0593002794631694
Brazil,BRA,2009,.0278819137340021,.0593002794631694
Brazil,BRA,2010,.0523370699965715,.0593002794631694
Brazil,BRA,2011,.0247852613658058,.0593002794631694
Brazil,BRA,2012,.0377972503749577,.0593002794631694
Brazil,BRA,2013,.019016212353,.0593002794631694
Brazil,BRA,2014,.0224249617341416,.0593002794631694
Brazil,BRA,2015,.0700291826817888,.0593002794631694
Brazil,BRA,2016,.0771602553854405,.0593002794631694
Brazil,BRA,2017,.0428517489003722,.0593002794631694
Brazil,BRA,2018,.0594386175759487,.0593002794631694
Canada,CAN,2000,.0183540239078632,.0593002794631694
Canada,CAN,2001,.0104402177288012,.0593002794631694
Canada,CAN,2002,.0159485635927745,.0593002794631694
Canada,CAN,2003,.0116390167457694,.0593002794631694
Canada,CAN,2004,.0025227180769835,.0593002794631694
Canada,CAN,2005,.0084852356107443,.0593002794631694
Canada,CAN,2006,.0100332232916206,.0593002794631694
Canada,CAN,2007,-.0001742183694042,.0593002794631694
Canada,CAN,2008,-.003305790750996,.0593002794631694
Canada,CAN,2009,.0047163422960377,.0593002794631694
Canada,CAN,2010,.0275065352633624,.0593002794631694
Canada,CAN,2011,.0176174831777404,.0593002794631694
Canada,CAN,2012,.0184644123068954,.0593002794631694
Canada,CAN,2013,.019308670222448,.0593002794631694
Canada,CAN,2014,.0142157638841404,.0593002794631694
Canada,CAN,2015,.0182193905729944,.0593002794631694
Canada,CAN,2016,.0263156882210669,.0593002794631694
Canada,CAN,2017,.0256223257147204,.0593002794631694
Canada,CAN,2018,.018538994944997,.0593002794631694
Switzerland,CHE,2005,.007090590071547,.0593002794631694
Switzerland,CHE,2006,.0112689314886163,.0593002794631694
Switzerland,CHE,2007,.0164363369291568,.0593002794631694
Switzerland,CHE,2008,-.0078661116906322,.0593002794631694
Switzerland,CHE,2009,-.0035654381552073,.0593002794631694
Switzerland,CHE,2010,-.0157199138535431,.0593002794631694
Switzerland,CHE,2011,.0067602785599268,.0593002794631694
Switzerland,CHE,2012,.0013277449995189,.0593002794631694
Switzerland,CHE,2013,-.0125083176603039,.0593002794631694
Switzerland,CHE,2014,-.0020219824927351,.0593002794631694
Switzerland,CHE,2015,.0199839874054005,.0593002794631694
Switzerland,CHE,2016,-.0027781288047353,.0593002794631694
Switzerland,CHE,2017,.0036394590694596,.0593002794631694
Switzerland,CHE,2018,.0163909220564649,.0593002794631694
Chile,CHL,2008,-.0250826955070714,.0593002794631694
Chile,CHL,2009,-.0290515703049342,.0593002794631694
Chile,CHL,2010,-.0309605881710162,.0593002794631694
Chile,CHL,2011,-.031083112942451,.0593002794631694
Chile,CHL,2012,-.02567665232337,.0593002794631694
Chile,CHL,2013,-.0213240655058513,.0593002794631694
Chile,CHL,2014,-.0281535475265616,.0593002794631694
Chile,CHL,2015,-.0269472402857899,.0593002794631694
Chile,CHL,2016,-.0237478203142892,.0593002794631694
Chile,CHL,2017,-.0237139197785712,.0593002794631694
Chile,CHL,2018,-.029399878802266,.0593002794631694
China,CHN,2003,-.0211647552514258,.0593002794631694
China,CHN,2004,-.0189643691897337,.0593002794631694
China,CHN,2005,-.0198551231517191,.0593002794631694
China,CHN,2006,-.010276076458882,.0593002794631694
China,CHN,2007,-.0106875040406399,.0593002794631694
China,CHN,2008,-.0152093216937845,.0593002794631694
China,CHN,2009,-.0149749970218658,.0593002794631694
China,CHN,2010,-.0100020811922892,.0593002794631694
China,CHN,2011,-.016351411806549,.0593002794631694
China,CHN,2012,-.0223706393582781,.0593002794631694
China,CHN,2013,-.007584894566561,.0593002794631694
China,CHN,2014,-.0127281392877708,.0593002794631694
China,CHN,2015,-.0104317085900409,.0593002794631694
China,CHN,2016,-.0058579090608004,.0593002794631694
China,CHN,2017,-.0040960402335204,.0593002794631694
China,CHN,2018,-.0029097461025196,.0593002794631694
Czech Republic,CZE,2001,-.0249954207966817,.0593002794631694
Czech Republic,CZE,2002,-.0057835616134011,.0593002794631694
Czech Republic,CZE,2003,-.0041812905789896,.0593002794631694
Czech Republic,CZE,2004,-.0189639611414766,.0593002794631694
Czech Republic,CZE,2005,-.0128038825557668,.0593002794631694
Czech Republic,CZE,2006,-.001848043696708,.0593002794631694
Czech Republic,CZE,2007,.0038536874604797,.0593002794631694
Czech Republic,CZE,2008,-.0152380346226153,.0593002794631694
Czech Republic,CZE,2009,-.0123374701763547,.0593002794631694
Czech Republic,CZE,2010,-.018565253410292,.0593002794631694
Czech Republic,CZE,2011,-.0055126282812388,.0593002794631694
Czech Republic,CZE,2012,-.0052465219366817,.0593002794631694
Czech Republic,CZE,2013,-.0117509923820516,.0593002794631694
Czech Republic,CZE,2014,-.0009728926561791,.0593002794631694
Czech Republic,CZE,2015,.0149172395239817,.0593002794631694
Czech Republic,CZE,2016,-.0064352192876995,.0593002794631694
Czech Republic,CZE,2017,-.012567441002199,.0593002794631694
Czech Republic,CZE,2018,.0148910463692682,.0593002794631694
Germany,DEU,2000,.0032192573104027,.0593002794631694
Germany,DEU,2001,-.0074418113719397,.0593002794631694
Germany,DEU,2002,.0094355702682296,.0593002794631694
Germany,DEU,2003,.0127286458920149,.0593002794631694
Germany,DEU,2004,.0007666088238314,.0593002794631694
Germany,DEU,2005,.0108725487487268,.0593002794631694
Germany,DEU,2006,.0222679437251047,.0593002794631694
Germany,DEU,2007,.0225039724960821,.0593002794631694
Germany,DEU,2008,.0019087483937994,.0593002794631694
Germany,DEU,2009,.0060557595545193,.0593002794631694
Germany,DEU,2010,.0020687165376185,.0593002794631694
Germany,DEU,2011,.025644433609628,.0593002794631694
Germany,DEU,2012,.0170926503725462,.0593002794631694
Germany,DEU,2013,.0103497165216703,.0593002794631694
Germany,DEU,2014,.0219456183134736,.0593002794631694
Germany,DEU,2015,.034259861636864,.0593002794631694
Germany,DEU,2016,.0138074231576939,.0593002794631694
Germany,DEU,2017,.0055559562231768,.0593002794631694
Germany,DEU,2018,.0291717988332744,.0593002794631694
Denmark,DNK,2000,.0026764039466628,.0593002794631694
Denmark,DNK,2001,-.0112432848567434,.0593002794631694
Denmark,DNK,2002,.011889707627253,.0593002794631694
Denmark,DNK,2003,.0000315179016411,.0593002794631694
Denmark,DNK,2004,-.009766576920601,.0593002794631694
Denmark,DNK,2005,.0027320653849493,.0593002794631694
Denmark,DNK,2006,.0192002839300724,.0593002794631694
Denmark,DNK,2007,.002993947740543,.0593002794631694
Denmark,DNK,2008,-.012044631138458,.0593002794631694
Denmark,DNK,2009,-.0108251322902601,.0593002794631694
Denmark,DNK,2010,-.0177873713496415,.0593002794631694
Denmark,DNK,2011,-.0038899126635387,.0593002794631694
Denmark,DNK,2012,-.0076086115522876,.0593002794631694
Denmark,DNK,2013,-.0122087150905766,.0593002794631694
Denmark,DNK,2014,.0074914368278315,.0593002794631694
Denmark,DNK,2015,.0112057279156441,.0593002794631694
Denmark,DNK,2016,-.0020327924757101,.0593002794631694
Denmark,DNK,2017,-.017328283974455,.0593002794631694
Denmark,DNK,2018,.014075590619478,.0593002794631694
Egypt,EGY,2011,.0007697208971449,.0593002794631694
Egypt,EGY,2012,.0309680854574615,.0593002794631694
Egypt,EGY,2013,.0028089449890037,.0593002794631694
Egypt,EGY,2014,.0179793542425527,.0593002794631694
Egypt,EGY,2015,.0432662035889474,.0593002794631694
Egypt,EGY,2016,.0312116803543372,.0593002794631694
Egypt,EGY,2017,.030554371903976,.0593002794631694
Egypt,EGY,2018,.0495540265237421,.0593002794631694
Spain,ESP,2000,-.0033098237007494,.0593002794631694
Spain,ESP,2001,-.000481015491033,.0593002794631694
Spain,ESP,2002,-.0019207038178316,.0593002794631694
Spain,ESP,2003,.010871931624256,.0593002794631694
Spain,ESP,2004,-.0061758050926696,.0593002794631694
Spain,ESP,2005,-.0045381827881316,.0593002794631694
Spain,ESP,2006,-.0067177236915387,.0593002794631694
Spain,ESP,2007,-.0111967665912616,.0593002794631694
Spain,ESP,2008,-.0194777075857256,.0593002794631694
Spain,ESP,2009,-.0054768828251673,.0593002794631694
Spain,ESP,2010,-.0119743805740535,.0593002794631694
Spain,ESP,2011,.0094114984950103,.0593002794631694
Spain,ESP,2012,.0134534153083025,.0593002794631694
Spain,ESP,2013,.0217085433559801,.0593002794631694
Spain,ESP,2014,.0469906306176181,.0593002794631694
Spain,ESP,2015,.0663567650303576,.0593002794631694
Spain,ESP,2016,.0416161308738614,.0593002794631694
Spain,ESP,2017,.0660318510570783,.0593002794631694
Spain,ESP,2018,.0430421172888175,.0593002794631694
Finland,FIN,2000,-.0012504932163734,.0593002794631694
Finland,FIN,2001,-.0108700548548194,.0593002794631694
Finland,FIN,2002,.0067070383598514,.0593002794631694
Finland,FIN,2003,-.0071863111484609,.0593002794631694
Finland,FIN,2004,-.0119094115104042,.0593002794631694
Finland,FIN,2005,.0039783514926235,.0593002794631694
Finland,FIN,2006,.0198594940038495,.0593002794631694
Finland,FIN,2007,.0006820907722738,.0593002794631694
Finland,FIN,2008,-.0136690411896137,.0593002794631694
Finland,FIN,2009,-.0173348015917877,.0593002794631694
Finland,FIN,2010,-.0121496430800785,.0593002794631694
Finland,FIN,2011,-.0016543297955196,.0593002794631694
Finland,FIN,2012,-.0131444540132566,.0593002794631694
Finland,FIN,2013,.0055120376093257,.0593002794631694
Finland,FIN,2014,.0221727880119571,.0593002794631694
Finland,FIN,2015,.0214408224729353,.0593002794631694
Finland,FIN,2016,.0129625601826778,.0593002794631694
Finland,FIN,2017,-.0028682673935093,.0593002794631694
Finland,FIN,2018,.0240822634769957,.0593002794631694
France,FRA,2000,-.0010862337633296,.0593002794631694
France,FRA,2001,-.0039202392372593,.0593002794631694
France,FRA,2002,.0037623780297703,.0593002794631694
France,FRA,2003,.0222921470849392,.0593002794631694
France,FRA,2004,.004006780100797,.0593002794631694
France,FRA,2005,.0137430051453177,.0593002794631694
France,FRA,2006,.0183192112864194,.0593002794631694
France,FRA,2007,.0196515926225503,.0593002794631694
France,FRA,2008,.0016090453663557,.0593002794631694
France,FRA,2009,.008961932358445,.0593002794631694
France,FRA,2010,.0121235341165691,.0593002794631694
France,FRA,2011,.0372766810687417,.0593002794631694
France,FRA,2012,.0316900940784401,.0593002794631694
France,FRA,2013,.0230882234484031,.0593002794631694
France,FRA,2014,.0382045364511937,.0593002794631694
France,FRA,2015,.0563290392240625,.0593002794631694
France,FRA,2016,.0366755339322573,.0593002794631694
France,FRA,2017,.0456318253811267,.0593002794631694
France,FRA,2018,.0564185319098179,.0593002794631694
United Kingdom,GBR,2000,-.0158837706202211,.0593002794631694
United Kingdom,GBR,2001,-.0211649362824556,.0593002794631694
United Kingdom,GBR,2002,-.0114058236203399,.0593002794631694
United Kingdom,GBR,2003,-.0061760789487324,.0593002794631694
United Kingdom,GBR,2004,-.0168481664765262,.0593002794631694
United Kingdom,GBR,2005,-.006571800269076,.0593002794631694
United Kingdom,GBR,2006,.0024255656167986,.0593002794631694
United Kingdom,GBR,2007,-.0010942068604831,.0593002794631694
United Kingdom,GBR,2008,-.009740456388333,.0593002794631694
United Kingdom,GBR,2009,-.0076998420199366,.0593002794631694
United Kingdom,GBR,2010,-.0062768099980359,.0593002794631694
United Kingdom,GBR,2011,.0192828765804475,.0593002794631694
United Kingdom,GBR,2012,.0196155023007206,.0593002794631694
United Kingdom,GBR,2013,.0143444126543441,.0593002794631694
United Kingdom,GBR,2014,.0249010013691745,.0593002794631694
United Kingdom,GBR,2015,.0321712818518737,.0593002794631694
United Kingdom,GBR,2016,.0225676273750946,.0593002794631694
United Kingdom,GBR,2017,.0200205538642641,.0593002794631694
United Kingdom,GBR,2018,.0403615663359675,.0593002794631694
Greece,GRC,2000,.0543416438464573,.0593002794631694
Greece,GRC,2001,.0533260724812621,.0593002794631694
Greece,GRC,2002,.0610688202051137,.0593002794631694
Greece,GRC,2003,.0710343730834569,.0593002794631694
Greece,GRC,2004,.0424411749534315,.0593002794631694
Greece,GRC,2005,.0419936476160558,.0593002794631694
Greece,GRC,2006,.0583535162408073,.0593002794631694
Greece,GRC,2007,.0762421099063695,.0593002794631694
Greece,GRC,2008,.0564291578747783,.0593002794631694
Greece,GRC,2009,.0545663476817655,.0593002794631694
Greece,GRC,2010,.0828905248127156,.0593002794631694
Greece,GRC,2011,.1233427008801434,.0593002794631694
Greece,GRC,2012,.1970772321915797,.0593002794631694
Greece,GRC,2013,.1536142190290037,.0593002794631694
Greece,GRC,2014,.1785260337094564,.0593002794631694
Greece,GRC,2015,.2066361458756034,.0593002794631694
Greece,GRC,2016,.1750722192181198,.0593002794631694
Greece,GRC,2017,.1945902937488137,.0593002794631694
Greece,GRC,2018,.1986998523065521,.0593002794631694
Croatia,HRV,2009,-.0057475124988821,.0593002794631694
Croatia,HRV,2010,-.0074234112433124,.0593002794631694
Croatia,HRV,2011,.0164989815692522,.0593002794631694
Croatia,HRV,2012,.0254737399127412,.0593002794631694
Croatia,HRV,2013,.0145277318853006,.0593002794631694
Croatia,HRV,2014,.0265593647466003,.0593002794631694
Croatia,HRV,2015,.0524814138756837,.0593002794631694
Croatia,HRV,2016,.0252871918201696,.0593002794631694
Croatia,HRV,2017,.0300209706546768,.0593002794631694
Croatia,HRV,2018,.042976673959828,.0593002794631694
Hungary,HUN,2004,-.0034706581564243,.0593002794631694
Hungary,HUN,2005,-4.41085548171e-06,.0593002794631694
Hungary,HUN,2006,.0125582872349967,.0593002794631694
Hungary,HUN,2007,.0292988385566418,.0593002794631694
Hungary,HUN,2008,.0097517253105958,.0593002794631694
Hungary,HUN,2009,.0112707860400417,.0593002794631694
Hungary,HUN,2010,.015136933915818,.0593002794631694
Hungary,HUN,2011,.0262332639453456,.0593002794631694
Hungary,HUN,2012,.0352612985159702,.0593002794631694
Hungary,HUN,2013,.021104296631669,.0593002794631694
Hungary,HUN,2014,.0233429556650396,.0593002794631694
Hungary,HUN,2015,.0418925249003576,.0593002794631694
Hungary,HUN,2016,.0169038067123893,.0593002794631694
Hungary,HUN,2017,.0184551509752422,.0593002794631694
Hungary,HUN,2018,.0383907962561562,.0593002794631694
Indonesia,IDN,2004,-.0004296902410337,.0593002794631694
Indonesia,IDN,2005,-.0069531548132251,.0593002794631694
Indonesia,IDN,2006,-.0081669206226844,.0593002794631694
Indonesia,IDN,2007,-.0201415912449513,.0593002794631694
Indonesia,IDN,2008,-.0199692104353029,.0593002794631694
Indonesia,IDN,2009,-.0176885973440319,.0593002794631694
Indonesia,IDN,2010,-.0184340420952063,.0593002794631694
Indonesia,IDN,2011,-.0214601235025971,.0593002794631694
India,IND,1999,.0122430265753225,.0593002794631694
India,IND,2000,.0174114761958716,.0593002794631694
India,IND,2001,.0197497584172016,.0593002794631694
India,IND,2002,.0354064325147277,.0593002794631694
India,IND,2003,.0198984610706504,.0593002794631694
India,IND,2004,.0309589103090018,.0593002794631694
India,IND,2005,.0213707686037946,.0593002794631694
India,IND,2006,.036166290959359,.0593002794631694
India,IND,2007,.0158804295508652,.0593002794631694
India,IND,2008,.0174304610076142,.0593002794631694
India,IND,2009,.0330506010125463,.0593002794631694
India,IND,2010,.0263805707043649,.0593002794631694
India,IND,2011,.008693515972398,.0593002794631694
India,IND,2012,.0122214734879855,.0593002794631694
India,IND,2013,.0069564076115407,.0593002794631694
India,IND,2014,.018226496782749,.0593002794631694
India,IND,2015,.0229137665531883,.0593002794631694
India,IND,2016,.0330471196772933,.0593002794631694
India,IND,2017,.0277047138332366,.0593002794631694
India,IND,2018,.0174173574258364,.0593002794631694
Ireland,IRL,2000,-.0154294741806481,.0593002794631694
Ireland,IRL,2001,-.0221462230501312,.0593002794631694
Ireland,IRL,2002,-.0167218923326182,.0593002794631694
Ireland,IRL,2003,-.0097355554821363,.0593002794631694
Ireland,IRL,2004,-.0202209197565135,.0593002794631694
Ireland,IRL,2005,-.0138034660073749,.0593002794631694
Ireland,IRL,2006,-.0093544003582853,.0593002794631694
Ireland,IRL,2007,-.0099707168003452,.0593002794631694
Ireland,IRL,2008,-.0182254753256903,.0593002794631694
Ireland,IRL,2009,-.012177812291321,.0593002794631694
Ireland,IRL,2010,-.0086068402764048,.0593002794631694
Ireland,IRL,2011,.0292579758998023,.0593002794631694
Ireland,IRL,2012,.0505618106708284,.0593002794631694
Ireland,IRL,2013,.0555179130433469,.0593002794631694
Ireland,IRL,2014,.0593002794631694,.0593002794631694
Ireland,IRL,2015,.0433877960011846,.0593002794631694
Ireland,IRL,2016,.0073733833403793,.0593002794631694
Ireland,IRL,2017,.0068739106252521,.0593002794631694
Ireland,IRL,2018,.0151311808006945,.0593002794631694
Iceland,ISL,2007,.0170599741204463,.0593002794631694
Iceland,ISL,2008,.006940762004692,.0593002794631694
Iceland,ISL,2009,.0504913917201834,.0593002794631694
Iceland,ISL,2010,.1038206472958601,.0593002794631694
Iceland,ISL,2011,.0809450831792387,.0593002794631694
Iceland,ISL,2012,.0965070813727571,.0593002794631694
Iceland,ISL,2013,.0712917034609286,.0593002794631694
Iceland,ISL,2014,.0689035606884517,.0593002794631694
Iceland,ISL,2015,.048046430041536,.0593002794631694
Iceland,ISL,2016,.0457235822885969,.0593002794631694
Iceland,ISL,2017,.0101102842362821,.0593002794631694
Iceland,ISL,2018,.0010581775683437,.0593002794631694
Israel,ISR,2003,.0239843328968359,.0593002794631694
Israel,ISR,2004,.0195394481013761,.0593002794631694
Israel,ISR,2005,.0142315028674213,.0593002794631694
Israel,ISR,2006,.010315563287773,.0593002794631694
Israel,ISR,2007,.019147267898521,.0593002794631694
Israel,ISR,2008,.0104436049117194,.0593002794631694
Israel,ISR,2009,.0089046383228707,.0593002794631694
Israel,ISR,2010,.0734451179113061,.0593002794631694
Israel,ISR,2011,.0000748546346702,.0593002794631694
Israel,ISR,2012,.0313220496936276,.0593002794631694
Israel,ISR,2013,.0015520676710787,.0593002794631694
Israel,ISR,2014,.0082230443726044,.0593002794631694
Israel,ISR,2015,.0336574749901767,.0593002794631694
Israel,ISR,2016,.0160504098769316,.0593002794631694
Israel,ISR,2017,.0064537122087932,.0593002794631694
Israel,ISR,2018,.0199948794357079,.0593002794631694
Italy,ITA,2000,.0601182899200601,.0593002794631694
Italy,ITA,2001,.052676979187876,.0593002794631694
Italy,ITA,2002,.0573415918653601,.0593002794631694
Italy,ITA,2003,.0810926606664186,.0593002794631694
Italy,ITA,2004,.0451892316257674,.0593002794631694
Italy,ITA,2005,.0505076926514002,.0593002794631694
Italy,ITA,2006,.0635706823578217,.0593002794631694
Italy,ITA,2007,.0756526077722106,.0593002794631694
Italy,ITA,2008,.0475217026904337,.0593002794631694
Italy,ITA,2009,.054481934843797,.0593002794631694
Italy,ITA,2010,.0558854948728543,.0593002794631694
Italy,ITA,2011,.0856267304546712,.0593002794631694
Italy,ITA,2012,.0854950580634722,.0593002794631694
Italy,ITA,2013,.0769120846617318,.0593002794631694
Italy,ITA,2014,.0926631993830759,.0593002794631694
Italy,ITA,2015,.1205335741467991,.0593002794631694
Italy,ITA,2016,.0955046984673668,.0593002794631694
Italy,ITA,2017,.1054910701871255,.0593002794631694
Italy,ITA,2018,.1126076824710537,.0593002794631694
Japan,JPN,2007,.1118697241346607,.0593002794631694
Japan,JPN,2008,.107432554479612,.0593002794631694
Japan,JPN,2009,.1067468495658626,.0593002794631694
Japan,JPN,2010,.1543787776337242,.0593002794631694
Japan,JPN,2011,.1629877485719229,.0593002794631694
Japan,JPN,2012,.184611425267546,.0593002794631694
Japan,JPN,2013,.2080008571153841,.0593002794631694
Japan,JPN,2014,.2061766317566847,.0593002794631694
Japan,JPN,2015,.2141358983684343,.0593002794631694
Japan,JPN,2016,.2061472156239009,.0593002794631694
Japan,JPN,2017,.2075639194334084,.0593002794631694
Japan,JPN,2018,.2223487313862448,.0593002794631694
Korea,KOR,2001,-.021056295528729,.0593002794631694
Korea,KOR,2002,-.0142435445415116,.0593002794631694
Korea,KOR,2003,-.0280834850949585,.0593002794631694
Korea,KOR,2004,-.0243853848780075,.0593002794631694
Korea,KOR,2005,-.0248948184041958,.0593002794631694
Korea,KOR,2006,-.0209235175225877,.0593002794631694
Korea,KOR,2007,-.0146058444255881,.0593002794631694
Korea,KOR,2008,-.0168530757767066,.0593002794631694
Korea,KOR,2009,-.0200677343617135,.0593002794631694
Korea,KOR,2010,-.0197297029004328,.0593002794631694
Korea,KOR,2011,-.0240012512198986,.0593002794631694
Korea,KOR,2012,-.0249575647195974,.0593002794631694
Korea,KOR,2013,-.0144311264854692,.0593002794631694
Korea,KOR,2014,-.0200815423443381,.0593002794631694
Korea,KOR,2015,-.0196937269632932,.0593002794631694
Korea,KOR,2016,-.0164260101557569,.0593002794631694
Korea,KOR,2017,-.0172732905689282,.0593002794631694
Korea,KOR,2018,-.0091466032967877,.0593002794631694
Lithuania,LTU,2004,-.0233597843831275,.0593002794631694
Lithuania,LTU,2005,-.0086675851995,.0593002794631694
Lithuania,LTU,2006,.008938662507305,.0593002794631694
Lithuania,LTU,2007,.0034043779466488,.0593002794631694
Lithuania,LTU,2008,-.0133874279386321,.0593002794631694
Lithuania,LTU,2009,-.0188372750187195,.0593002794631694
Lithuania,LTU,2010,-.0140473988194975,.0593002794631694
Lithuania,LTU,2011,-.0099488622395659,.0593002794631694
Lithuania,LTU,2012,-.0147404753725478,.0593002794631694
Lithuania,LTU,2013,-.0105559591999326,.0593002794631694
Lithuania,LTU,2014,.0090695343720314,.0593002794631694
Lithuania,LTU,2015,.0121492619370033,.0593002794631694
Lithuania,LTU,2016,-.0044208573540472,.0593002794631694
Lithuania,LTU,2017,-.0170314057726642,.0593002794631694
Lithuania,LTU,2018,.0133130292161518,.0593002794631694
Morocco,MAR,2013,-.010051958703442,.0593002794631694
Morocco,MAR,2014,.0033063244715844,.0593002794631694
Morocco,MAR,2015,.0208725698692887,.0593002794631694
Morocco,MAR,2016,-.0011284810856056,.0593002794631694
Morocco,MAR,2017,.0214566938951404,.0593002794631694
Morocco,MAR,2018,-.0039576808788169,.0593002794631694
Mexico,MEX,2007,-.0067681718651562,.0593002794631694
Mexico,MEX,2008,-.0051677377653115,.0593002794631694
Mexico,MEX,2009,.0118513075004533,.0593002794631694
Mexico,MEX,2010,-.0023179766746602,.0593002794631694
Mexico,MEX,2011,.0120299198549266,.0593002794631694
Mexico,MEX,2012,.0010428903665853,.0593002794631694
Mexico,MEX,2013,-.0033074594675429,.0593002794631694
Mexico,MEX,2014,.0038222319827188,.0593002794631694
Mexico,MEX,2015,.0036594635939341,.0593002794631694
Mexico,MEX,2016,.0105259246707503,.0593002794631694
Mexico,MEX,2017,.0152520882089174,.0593002794631694
Mexico,MEX,2018,.0232988762835377,.0593002794631694
Malaysia,MYS,2002,-.0101036478080713,.0593002794631694
Malaysia,MYS,2003,-.0172139580385839,.0593002794631694
Malaysia,MYS,2004,-.0051279062177953,.0593002794631694
Malaysia,MYS,2005,-.0104652119301669,.0593002794631694
Malaysia,MYS,2006,-.0117317661646162,.0593002794631694
Malaysia,MYS,2007,-.0200237416216606,.0593002794631694
Malaysia,MYS,2008,-.0187139982310018,.0593002794631694
Malaysia,MYS,2009,-.0127979649667852,.0593002794631694
Malaysia,MYS,2010,-.0010390304709982,.0593002794631694
Malaysia,MYS,2011,-.0132655206562558,.0593002794631694
Namibia,NAM,2015,.0060810122509314,.0593002794631694
Namibia,NAM,2016,-.0013247071149527,.0593002794631694
Namibia,NAM,2017,-.0017109605266108,.0593002794631694
Namibia,NAM,2018,-.0208318073496627,.0593002794631694
Netherlands,NLD,2000,.0003171811367954,.0593002794631694
Netherlands,NLD,2001,-.013127679817354,.0593002794631694
Netherlands,NLD,2002,.0029387079396469,.0593002794631694
Netherlands,NLD,2003,.003082279587387,.0593002794631694
Netherlands,NLD,2004,-.007871957895715,.0593002794631694
Netherlands,NLD,2005,.0029899950328952,.0593002794631694
Netherlands,NLD,2006,.013031535989726,.0593002794631694
Netherlands,NLD,2007,.0059300407947974,.0593002794631694
Netherlands,NLD,2008,-.01073439611522,.0593002794631694
Netherlands,NLD,2009,-.0036553992671504,.0593002794631694
Netherlands,NLD,2010,-.0112696733613025,.0593002794631694
Netherlands,NLD,2011,.0077648326032857,.0593002794631694
Netherlands,NLD,2012,.001629922353771,.0593002794631694
Netherlands,NLD,2013,-.002413389715199,.0593002794631694
Netherlands,NLD,2014,.0131286288257704,.0593002794631694
Netherlands,NLD,2015,.0238861421460601,.0593002794631694
Netherlands,NLD,2016,.0062753961125118,.0593002794631694
Netherlands,NLD,2017,-.0024790688617431,.0593002794631694
Netherlands,NLD,2018,.0210648044068268,.0593002794631694
Norway,NOR,2000,-.0133003218453006,.0593002794631694
Norway,NOR,2001,-.0182170150671317,.0593002794631694
Norway,NOR,2002,.0010065209313678,.0593002794631694
Norway,NOR,2003,-.0067257276683793,.0593002794631694
Norway,NOR,2004,-.0095067295728406,.0593002794631694
Norway,NOR,2005,.0016352278423755,.0593002794631694
Norway,NOR,2006,.01686660079046,.0593002794631694
Norway,NOR,2007,.0065020892405685,.0593002794631694
Norway,NOR,2008,-.0062648744553327,.0593002794631694
Norway,NOR,2009,-.0084875626377373,.0593002794631694
Norway,NOR,2010,-.017743335898728,.0593002794631694
Norway,NOR,2011,-.0060175492128699,.0593002794631694
Norway,NOR,2012,-.0213494218128614,.0593002794631694
Norway,NOR,2013,-.0140294121364146,.0593002794631694
Norway,NOR,2014,.0011254902125474,.0593002794631694
Norway,NOR,2015,-.0023459950664889,.0593002794631694
Norway,NOR,2016,-.0069144349919985,.0593002794631694
Norway,NOR,2017,-.0188949127160798,.0593002794631694
Norway,NOR,2018,.0048862409442884,.0593002794631694
New Zealand,NZL,2000,-.021600307108542,.0593002794631694
New Zealand,NZL,2001,-.021492165986685,.0593002794631694
New Zealand,NZL,2002,-.0252999762841898,.0593002794631694
New Zealand,NZL,2003,-.0226857820099606,.0593002794631694
New Zealand,NZL,2004,-.0267357836849576,.0593002794631694
New Zealand,NZL,2005,-.0261076347029075,.0593002794631694
New Zealand,NZL,2006,-.0245220736181515,.0593002794631694
New Zealand,NZL,2007,-.0230550072969059,.0593002794631694
New Zealand,NZL,2008,-.0265867048380516,.0593002794631694
New Zealand,NZL,2009,-.0288207696967875,.0593002794631694
New Zealand,NZL,2010,-.0226153018539576,.0593002794631694
New Zealand,NZL,2011,-.0229589337533356,.0593002794631694
New Zealand,NZL,2012,-.024452809680282,.0593002794631694
New Zealand,NZL,2013,-.0110994522972143,.0593002794631694
New Zealand,NZL,2014,-.0247039469315077,.0593002794631694
New Zealand,NZL,2015,-.025298333168245,.0593002794631694
New Zealand,NZL,2016,-.0160666695810696,.0593002794631694
New Zealand,NZL,2017,-.0146412054525226,.0593002794631694
Pakistan,PAK,2010,.0131587946837738,.0593002794631694
Pakistan,PAK,2011,-.0031061454943592,.0593002794631694
Pakistan,PAK,2012,-.0069597184802607,.0593002794631694
Pakistan,PAK,2013,.004714575522881,.0593002794631694
Pakistan,PAK,2014,.0053814962964732,.0593002794631694
Pakistan,PAK,2015,.0078198409528512,.0593002794631694
Pakistan,PAK,2016,.0215381836914193,.0593002794631694
Pakistan,PAK,2017,.0158436536279761,.0593002794631694
Pakistan,PAK,2018,.0100867649464463,.0593002794631694
Philippines,PHL,2001,-.0068401174614846,.0593002794631694
Philippines,PHL,2002,-.0024735297460887,.0593002794631694
Philippines,PHL,2003,-.0007218338044506,.0593002794631694
Philippines,PHL,2004,.0100096762723577,.0593002794631694
Philippines,PHL,2005,.0114956153239709,.0593002794631694
Philippines,PHL,2006,-.0034627577344843,.0593002794631694
Philippines,PHL,2007,.0023430082435856,.0593002794631694
Philippines,PHL,2008,-.0150551087864695,.0593002794631694
Philippines,PHL,2009,-.0162734728399139,.0593002794631694
Philippines,PHL,2010,-.0031908382960845,.0593002794631694
Philippines,PHL,2011,-.0157748278413258,.0593002794631694
Philippines,PHL,2012,-.0057005353377773,.0593002794631694
Philippines,PHL,2013,-.0119687468352736,.0593002794631694
Philippines,PHL,2014,-.0134340472563647,.0593002794631694
Philippines,PHL,2015,-.0052546260183725,.0593002794631694
Philippines,PHL,2016,-.0145396889443581,.0593002794631694
Philippines,PHL,2017,-.0091842702119416,.0593002794631694
Philippines,PHL,2018,-.0081417715603265,.0593002794631694
Poland,POL,2000,-.003809917295697,.0593002794631694
Poland,POL,2001,-.019032812342775,.0593002794631694
Poland,POL,2002,.0053604219596275,.0593002794631694
Poland,POL,2003,-.0036856057896067,.0593002794631694
Poland,POL,2004,-.0127448631503511,.0593002794631694
Poland,POL,2005,-.0035125880662141,.0593002794631694
Poland,POL,2006,.0121624678981226,.0593002794631694
Poland,POL,2007,.0129743279005778,.0593002794631694
Poland,POL,2008,-.0062584331962426,.0593002794631694
Poland,POL,2009,-.0066763886651262,.0593002794631694
Poland,POL,2010,-.0086886700771249,.0593002794631694
Poland,POL,2011,-.0002324695171325,.0593002794631694
Poland,POL,2012,.0002879367129447,.0593002794631694
Poland,POL,2013,-.0046496709146441,.0593002794631694
Poland,POL,2015,.0175829622547668,.0593002794631694
Poland,POL,2016,-.000193894419592,.0593002794631694
Poland,POL,2017,-.0063378791949513,.0593002794631694
Poland,POL,2018,.0208836425142128,.0593002794631694
Portugal,PRT,2000,-.0067864728163912,.0593002794631694
Portugal,PRT,2001,-.0038294351482938,.0593002794631694
Portugal,PRT,2002,.0009587468585607,.0593002794631694
Portugal,PRT,2003,.0111309182269238,.0593002794631694
Portugal,PRT,2004,.0039415778690518,.0593002794631694
Portugal,PRT,2005,.0083030568056976,.0593002794631694
Portugal,PRT,2006,.0101133917431093,.0593002794631694
Portugal,PRT,2007,.0077316436118178,.0593002794631694
Portugal,PRT,2008,.0037355151655687,.0593002794631694
Portugal,PRT,2009,.0196791231863062,.0593002794631694
Portugal,PRT,2010,.0158600328398913,.0593002794631694
Portugal,PRT,2011,.04644719639293,.0593002794631694
Portugal,PRT,2012,.0587059348931759,.0593002794631694
Portugal,PRT,2013,.0700766744211153,.0593002794631694
Portugal,PRT,2014,.0879692001839549,.0593002794631694
Portugal,PRT,2015,.1030334258576397,.0593002794631694
Portugal,PRT,2016,.0796062356654187,.0593002794631694
Portugal,PRT,2017,.1072472399895129,.0593002794631694
Portugal,PRT,2018,.0721276525303125,.0593002794631694
Romania,ROU,2008,-.0104317563493371,.0593002794631694
Romania,ROU,2009,-.0200259086772309,.0593002794631694
Romania,ROU,2010,-.0079931802317234,.0593002794631694
Romania,ROU,2011,-.0092446455295071,.0593002794631694
Romania,ROU,2012,.0151630791533832,.0593002794631694
Romania,ROU,2013,-.0033637411960016,.0593002794631694
Romania,ROU,2014,-.003842730963769,.0593002794631694
Romania,ROU,2015,.0161346172535339,.0593002794631694
Romania,ROU,2016,-.0062839409561927,.0593002794631694
Romania,ROU,2017,-.0020089372707546,.0593002794631694
Romania,ROU,2018,.0119987006661383,.0593002794631694
Russia,RUS,2004,-.0197506458899769,.0593002794631694
Russia,RUS,2005,-.0154323395505143,.0593002794631694
Russia,RUS,2006,-.0207498427106644,.0593002794631694
Russia,RUS,2007,-.0073200862216275,.0593002794631694
Russia,RUS,2008,-.0159788397611656,.0593002794631694
Russia,RUS,2009,-.021020134243062,.0593002794631694
Russia,RUS,2010,-.0158957383654608,.0593002794631694
Russia,RUS,2011,-.0126551260250432,.0593002794631694
Russia,RUS,2012,-.0159825109248293,.0593002794631694
Russia,RUS,2013,-.0202770890487919,.0593002794631694
Russia,RUS,2014,-.0157451977380096,.0593002794631694
Russia,RUS,2015,-.012457478128079,.0593002794631694
Russia,RUS,2016,-.0069117815349697,.0593002794631694
Russia,RUS,2017,-.0144956853515689,.0593002794631694
Russia,RUS,2018,-.0185031493968058,.0593002794631694
Slovak Republic,SVK,2008,-.0110919281265909,.0593002794631694
Slovak Republic,SVK,2009,-.0135934509824845,.0593002794631694
Slovak Republic,SVK,2010,-.0139392606064749,.0593002794631694
Slovak Republic,SVK,2011,-.0035318170141458,.0593002794631694
Slovak Republic,SVK,2014,.006939204701812,.0593002794631694
Slovak Republic,SVK,2015,.0222847032159419,.0593002794631694
Slovak Republic,SVK,2016,-.0005322062402186,.0593002794631694
Slovak Republic,SVK,2017,-.0017243366650985,.0593002794631694
Slovak Republic,SVK,2018,.0234760200331419,.0593002794631694
Slovenia,SVN,2008,-.0120254591997897,.0593002794631694
Slovenia,SVN,2009,-.0097226621960928,.0593002794631694
Slovenia,SVN,2010,-.0146533699342574,.0593002794631694
Slovenia,SVN,2011,.0091641166760402,.0593002794631694
Slovenia,SVN,2012,.0131003956126852,.0593002794631694
Slovenia,SVN,2013,.0015543292963069,.0593002794631694
Slovenia,SVN,2014,.0195108672868796,.0593002794631694
Slovenia,SVN,2015,.0517856469405607,.0593002794631694
Slovenia,SVN,2016,.0277210959459813,.0593002794631694
Slovenia,SVN,2017,.0319890573517509,.0593002794631694
Slovenia,SVN,2018,.0421944028250319,.0593002794631694
Sweden,SWE,2000,.0059533344532741,.0593002794631694
Sweden,SWE,2001,-.0099436630353484,.0593002794631694
Sweden,SWE,2002,.015997297295329,.0593002794631694
Sweden,SWE,2003,.0010008704142595,.0593002794631694
Sweden,SWE,2004,-.007761897242779,.0593002794631694
Sweden,SWE,2005,.0061929055734146,.0593002794631694
Sweden,SWE,2006,.0249547636410518,.0593002794631694
Sweden,SWE,2007,.0030288045024692,.0593002794631694
Sweden,SWE,2008,-.0103027494299113,.0593002794631694
Sweden,SWE,2009,-.0119841397606916,.0593002794631694
Sweden,SWE,2010,-.0168981836522225,.0593002794631694
Sweden,SWE,2011,-.0072309855156124,.0593002794631694
Sweden,SWE,2012,-.0177760924234296,.0593002794631694
Sweden,SWE,2013,-.0106932716533444,.0593002794631694
Sweden,SWE,2014,.008317438637839,.0593002794631694
Sweden,SWE,2015,.0075589016590863,.0593002794631694
Sweden,SWE,2016,-.0030227415752987,.0593002794631694
Sweden,SWE,2017,-.0179178880293671,.0593002794631694
Sweden,SWE,2018,.0112420740548642,.0593002794631694
Thailand,THA,2002,.0009404778787671,.0593002794631694
Thailand,THA,2003,.0078372590697704,.0593002794631694
Thailand,THA,2004,.0118401901768159,.0593002794631694
Thailand,THA,2005,.0095383161569865,.0593002794631694
Thailand,THA,2006,.0144120531976982,.0593002794631694
Thailand,THA,2007,-.0014454418463948,.0593002794631694
Thailand,THA,2008,-.0167701140127036,.0593002794631694
Thailand,THA,2009,.000161486134335,.0593002794631694
Thailand,THA,2010,.0230415805457684,.0593002794631694
Thailand,THA,2011,-.0202802675992195,.0593002794631694
Thailand,THA,2012,.0104765687532697,.0593002794631694
Thailand,THA,2013,.0106774709437141,.0593002794631694
Thailand,THA,2014,.0131064407043272,.0593002794631694
Thailand,THA,2015,.0204475351965227,.0593002794631694
Thailand,THA,2016,.0024198218175019,.0593002794631694
Thailand,THA,2017,-.0012920281376859,.0593002794631694
Thailand,THA,2018,-.0121266377739527,.0593002794631694
Turkey,TUR,2011,-.0145556814391579,.0593002794631694
Turkey,TUR,2012,.0110121970593325,.0593002794631694
Turkey,TUR,2013,-.0087439203660046,.0593002794631694
Turkey,TUR,2014,-.0105281645495117,.0593002794631694
Turkey,TUR,2015,.008211869084677,.0593002794631694
Turkey,TUR,2016,.000246889930822,.0593002794631694
Turkey,TUR,2017,.0002515832290594,.0593002794631694
Turkey,TUR,2018,.0005835262351159,.0593002794631694
United States,USA,2002,-.0049618286492132,.0593002794631694
United States,USA,2003,-.0043472142267142,.0593002794631694
United States,USA,2004,-.0051088338012753,.0593002794631694
United States,USA,2005,.0026822598972976,.0593002794631694
United States,USA,2006,-.0004415857565621,.0593002794631694
United States,USA,2007,.0000598499639817,.0593002794631694
United States,USA,2008,-.0067234507164442,.0593002794631694
United States,USA,2009,.0044996408478135,.0593002794631694
United States,USA,2010,.0187050933808138,.0593002794631694
United States,USA,2011,.027845126820213,.0593002794631694
United States,USA,2012,.0364126281742903,.0593002794631694
United States,USA,2013,.035926860579109,.0593002794631694
United States,USA,2014,.0379274517482656,.0593002794631694
United States,USA,2015,.0437554422884968,.0593002794631694
United States,USA,2016,.0438838122264103,.0593002794631694
United States,USA,2017,.0453945876153964,.0593002794631694
United States,USA,2018,.0431970668364239,.0593002794631694
Vietnam,VNM,2008,-.0158621137668275,.0593002794631694
Vietnam,VNM,2009,-.004026792970113,.0593002794631694
Vietnam,VNM,2010,.0135762371327719,.0593002794631694
Vietnam,VNM,2011,-.0208538790642286,.0593002794631694
Vietnam,VNM,2012,.0010772259048811,.0593002794631694
Vietnam,VNM,2013,-.012873327888314,.0593002794631694
Vietnam,VNM,2014,-.0008462248117518,.0593002794631694
Vietnam,VNM,2015,.0230765688464636,.0593002794631694
Vietnam,VNM,2016,.0009854727577996,.0593002794631694
Vietnam,VNM,2017,-.0052523105897902,.0593002794631694
Vietnam,VNM,2018,-.009571974282714,.0593002794631694
South Africa,ZAF,2001,-.0255404500879131,.0593002794631694
South Africa,ZAF,2002,-.0248258616017193,.0593002794631694
South Africa,ZAF,2003,-.0259274608731448,.0593002794631694
South Africa,ZAF,2004,-.0262292104834449,.0593002794631694
South Africa,ZAF,2005,-.027210027574883,.0593002794631694
South Africa,ZAF,2006,-.0285165442875159,.0593002794631694
South Africa,ZAF,2007,-.0224012076815035,.0593002794631694
South Africa,ZAF,2008,-.0298745010634105,.0593002794631694
South Africa,ZAF,2009,-.0298007620336298,.0593002794631694
South Africa,ZAF,2010,-.0270072198446956,.0593002794631694
South Africa,ZAF,2011,-.0269506903525882,.0593002794631694
South Africa,ZAF,2012,-.021327418423858,.0593002794631694
South Africa,ZAF,2013,-.0207927012393246,.0593002794631694
South Africa,ZAF,2014,-.0181511552836747,.0593002794631694
South Africa,ZAF,2015,.0070754717935052,.0593002794631694
South Africa,ZAF,2016,-.0043757456910474,.0593002794631694
South Africa,ZAF,2017,-.0082789894574768,.0593002794631694
South Africa,ZAF,2018,-.0143392921913237,.0593002794631694
