specification,cutoff,rss,N,N_low,N_high
current_debt,-.0324804969131947,1.14011573791504,742,1,741
current_debt,-.032119657844305,1.14023530483246,742,3,739
current_debt,-.0316556505858898,1.14025259017944,742,4,738
current_debt,-.0316060744225979,1.14024949073792,742,4,738
current_debt,-.0314310677349567,1.14033102989197,742,6,736
current_debt,-.0302180554717779,1.1410014629364,742,7,735
current_debt,-.0301692225039005,1.14102029800415,742,8,734
current_debt,-.0299703143537045,1.14117574691772,742,8,734
current_debt,-.0299701150506735,1.14117586612701,742,9,733
current_debt,-.0299289226531982,1.14119446277618,742,11,731
current_debt,-.0298708584159613,1.14122235774994,742,11,731
current_debt,-.029870493337512,1.14122247695923,742,13,729
current_debt,-.0298217609524727,1.14124941825867,742,13,729
current_debt,-.0291420519351959,1.14144361019135,742,15,727
current_debt,-.0289548523724079,1.1414589881897,742,16,726
current_debt,-.0287804920226336,1.14146590232849,742,16,726
current_debt,-.0286654271185398,1.14146316051483,742,18,724
current_debt,-.028469854965806,1.14145135879517,742,19,723
current_debt,-.0284355171024799,1.14144766330719,742,20,722
current_debt,-.0283121336251497,1.14144563674927,742,21,721
current_debt,-.0282030683010817,1.14144432544708,742,21,721
current_debt,-.0279213562607765,1.14144575595856,742,23,719
current_debt,-.0278834141790867,1.14145076274872,742,23,719
current_debt,-.0278682596981525,1.1414543390274,742,25,717
current_debt,-.0274363178759813,1.14155173301697,742,26,716
current_debt,-.0273505467921495,1.14156663417816,742,27,715
current_debt,-.0273333955556154,1.14157009124756,742,28,714
current_debt,-.0273241139948368,1.1415718793869,742,29,713
current_debt,-.026900839060545,1.14164876937866,742,29,713
current_debt,-.0267471913248301,1.14167332649231,742,30,712
current_debt,-.0266856960952282,1.14168262481689,742,31,711
current_debt,-.0266827363520861,1.14168310165405,742,32,710
current_debt,-.0265966299921274,1.14169418811798,742,34,708
current_debt,-.0263429284095764,1.14173483848572,742,35,707
current_debt,-.0263385307043791,1.14173543453217,742,35,707
current_debt,-.0262960344552994,1.14173948764801,742,36,706
current_debt,-.0260790213942528,1.14176392555237,742,37,705
current_debt,-.0260604601353407,1.14176630973816,742,38,704
current_debt,-.0258764307945967,1.14178943634033,742,39,703
current_debt,-.0258706863969564,1.14179039001465,742,41,701
current_debt,-.0257829278707504,1.14180743694305,742,42,700
current_debt,-.0256889667361975,1.14182412624359,742,42,700
current_debt,-.0256547033786774,1.14183008670807,742,43,699
current_debt,-.0256046336144209,1.14183962345123,742,44,698
current_debt,-.025531180202961,1.14185309410095,742,45,697
current_debt,-.0255121365189552,1.14185655117035,742,47,695
current_debt,-.0254661832004786,1.14186453819275,742,47,695
current_debt,-.0252877604216337,1.1418924331665,742,49,693
current_debt,-.0249707121402025,1.14193725585938,742,50,692
current_debt,-.0249224416911602,1.14194357395172,742,51,691
current_debt,-.0248544719070196,1.14195227622986,742,52,690
current_debt,-.0247865412384272,1.14196109771729,742,52,690
current_debt,-.024753775447607,1.14196527004242,742,54,688
current_debt,-.0242533572018147,1.14202392101288,742,54,688
current_debt,-.0240641422569752,1.14204394817352,742,55,687
current_debt,-.0238476358354092,1.1420658826828,742,56,686
current_debt,-.0237472709268332,1.1420761346817,742,57,685
current_debt,-.023741016164422,1.14207673072815,742,59,683
current_debt,-.0236534606665373,1.14208567142487,742,59,683
current_debt,-.0236013438552618,1.14209043979645,742,61,681
current_debt,-.0234813522547483,1.14210069179535,742,62,680
current_debt,-.0231671575456858,1.14212262630463,742,62,680
current_debt,-.023065447807312,1.14212799072266,742,64,678
current_debt,-.0230142902582884,1.14213049411774,742,64,678
current_debt,-.0229827631264925,1.14213216304779,742,66,676
current_debt,-.0228919498622417,1.14213705062866,742,67,675
current_debt,-.0227423869073391,1.14214897155762,742,67,675
current_debt,-.0227256622165442,1.1421502828598,742,68,674
current_debt,-.0226073618978262,1.14215886592865,742,69,673
current_debt,-.0225636269897223,1.14216279983521,742,70,672
current_debt,-.0225386507809162,1.142165184021,742,72,670
current_debt,-.0223391354084015,1.14218091964722,742,72,670
current_debt,-.0219421815127134,1.1422016620636,742,74,668
current_debt,-.021904343739152,1.14220416545868,742,74,668
current_debt,-.0218184944242239,1.1422073841095,742,76,666
current_debt,-.021784583106637,1.14220893383026,742,77,665
current_debt,-.0217765588313341,1.14220941066742,742,78,664
current_debt,-.02169593796134,1.14221370220184,742,78,664
current_debt,-.0216628257185221,1.14221513271332,742,79,663
current_debt,-.0216167271137238,1.1422153711319,742,80,662
current_debt,-.0215774178504944,1.14221572875977,742,81,661
current_debt,-.0213927067816257,1.14222252368927,742,83,659
current_debt,-.0213239230215549,1.14223086833954,742,84,658
current_debt,-.0212485790252686,1.14224231243134,742,84,658
current_debt,-.0211726799607277,1.14225566387177,742,85,657
current_debt,-.0211011208593845,1.14226746559143,742,87,655
current_debt,-.0210311841219664,1.14228045940399,742,87,655
current_debt,-.0208157896995544,1.1423157453537,742,89,653
current_debt,-.0207410994917154,1.14232885837555,742,90,652
current_debt,-.0205484386533499,1.14236307144165,742,90,652
current_debt,-.0205077398568392,1.14237034320831,742,91,651
current_debt,-.0204198639839888,1.14238560199738,742,92,650
current_debt,-.0203852485865355,1.14239120483398,742,93,649
current_debt,-.0202531516551971,1.14241397380829,742,95,647
current_debt,-.0202107187360525,1.14242112636566,742,96,646
current_debt,-.0201342217624187,1.14243566989899,742,97,645
current_debt,-.0198426190763712,1.14249122142792,742,97,645
current_debt,-.0198225136846304,1.14249491691589,742,98,644
current_debt,-.0197831895202398,1.14250230789185,742,100,642
current_debt,-.0197575185447931,1.14250433444977,742,101,641
current_debt,-.0197457745671272,1.14250493049622,742,102,640
current_debt,-.0197001360356808,1.14250814914703,742,102,640
current_debt,-.0196009445935488,1.14251220226288,742,103,639
current_debt,-.019112316891551,1.14251637458801,742,105,637
current_debt,-.0190754346549511,1.14251577854156,742,105,637
current_debt,-.0190158598124981,1.14251482486725,742,106,636
current_debt,-.0188953410834074,1.14251303672791,742,108,634
current_debt,-.0188287310302258,1.14251220226288,742,108,634
current_debt,-.0188028011471033,1.14251172542572,742,110,632
current_debt,-.0188014805316925,1.14251172542572,742,111,631
current_debt,-.0187309887260199,1.14250946044922,742,111,631
current_debt,-.0186545886099339,1.14250636100769,742,112,630
current_debt,-.0186398178339005,1.14250588417053,742,113,629
current_debt,-.0185559652745724,1.14250373840332,742,114,628
current_debt,-.0185007490217686,1.14250230789185,742,115,627
current_debt,-.0181987471878529,1.14248871803284,742,116,626
current_debt,-.0180939026176929,1.14248049259186,742,118,624
current_debt,-.0180659648030996,1.1424788236618,742,119,623
current_debt,-.0179608110338449,1.14247608184814,742,120,622
current_debt,-.0177636239677668,1.14246809482574,742,120,622
current_debt,-.0177462100982666,1.14246726036072,742,122,620
current_debt,-.0175820402801037,1.14245760440826,742,122,620
current_debt,-.0175467394292355,1.14245533943176,742,123,619
current_debt,-.0175048988312483,1.14245092868805,742,124,618
current_debt,-.0174473151564598,1.14244544506073,742,126,616
current_debt,-.0174396205693483,1.14244472980499,742,127,615
current_debt,-.0172348935157061,1.14242219924927,742,127,615
current_debt,-.0171506460756063,1.14241123199463,742,129,613
current_debt,-.0169096626341343,1.14237344264984,742,129,613
current_debt,-.0166601911187172,1.14233684539795,742,130,612
current_debt,-.0166095513850451,1.14232647418976,742,131,611
current_debt,-.0165109559893608,1.1423065662384,742,133,609
current_debt,-.0165004152804613,1.14230418205261,742,134,608
current_debt,-.0162500627338886,1.1422530412674,742,135,607
current_debt,-.0161630567163229,1.1422370672226,742,136,606
current_debt,-.0161031037569046,1.14222681522369,742,137,605
current_debt,-.0160956662148237,1.14222550392151,742,138,604
current_debt,-.0158933605998755,1.14218902587891,742,138,604
current_debt,-.0157658029347658,1.14216947555542,742,140,602
current_debt,-.0156611166894436,1.14215755462646,742,140,602
current_debt,-.0156432148069143,1.14215683937073,742,142,600
current_debt,-.0153764933347702,1.1421525478363,742,143,599
current_debt,-.0153675656765699,1.14215278625488,742,144,598
current_debt,-.0152601664885879,1.14215803146362,742,144,598
current_debt,-.0152273941785097,1.14215910434723,742,146,596
current_debt,-.0151425302028656,1.14215993881226,742,147,595
current_debt,-.0150795634835958,1.14216244220734,742,148,594
current_debt,-.015005917288363,1.14216661453247,742,148,594
current_debt,-.0149810966104269,1.14216792583466,742,150,592
current_debt,-.0148845063522458,1.14217340946198,742,151,591
current_debt,-.0148620726540685,1.14217579364777,742,151,591
current_debt,-.0146944373846054,1.14219188690186,742,153,589
current_debt,-.0146669642999768,1.1421947479248,742,154,588
current_debt,-.0145658012479544,1.14220833778381,742,154,588
current_debt,-.014477520249784,1.14221918582916,742,155,587
current_debt,-.0144589841365814,1.14222157001495,742,157,585
current_debt,-.0144157884642482,1.14222848415375,742,157,585
current_debt,-.0143374241888523,1.14224326610565,742,159,583
current_debt,-.0142548549920321,1.14225971698761,742,159,583
current_debt,-.014232886955142,1.14226341247559,742,161,581
current_debt,-.0142040522769094,1.1422678232193,742,161,581
current_debt,-.0140843503177166,1.14228308200836,742,162,580
current_debt,-.0140770617872477,1.14228367805481,742,163,579
current_debt,-.014061794616282,1.14228498935699,742,164,578
current_debt,-.0140058239921927,1.14229035377502,742,166,576
current_debt,-.0139974756166339,1.14229118824005,742,166,576
current_debt,-.0139863369986415,1.14229214191437,742,167,575
current_debt,-.0139783527702093,1.1422928571701,742,169,573
current_debt,-.0138932000845671,1.14229905605316,742,169,573
current_debt,-.0138534503057599,1.14230108261108,742,171,571
current_debt,-.0138522936031222,1.14230120182037,742,172,570
current_debt,-.0138469897210598,1.14230155944824,742,173,569
current_debt,-.0138200661167502,1.14230537414551,742,174,568
current_debt,-.0136980405077338,1.14232444763184,742,175,567
current_debt,-.0135558862239122,1.1423407793045,742,176,566
current_debt,-.013544587418437,1.14234280586243,742,177,565
current_debt,-.0134904347360134,1.14235305786133,742,178,564
current_debt,-.0134219629690051,1.14236283302307,742,179,563
current_debt,-.0134120145812631,1.1423636674881,742,179,563
current_debt,-.0134038385003805,1.14236450195313,742,181,561
current_debt,-.0133785884827375,1.14236640930176,742,182,560
current_debt,-.0132719231769443,1.14237201213837,742,182,560
current_debt,-.0132269905880094,1.14237380027771,742,183,559
current_debt,-.0131635768339038,1.14237916469574,742,184,558
current_debt,-.0130091747269034,1.14239013195038,742,186,556
current_debt,-.0129058938473463,1.14239430427551,742,187,555
current_debt,-.0129005592316389,1.14239430427551,742,188,554
current_debt,-.0127147166058421,1.14238250255585,742,189,553
current_debt,-.0127105191349983,1.14238226413727,742,190,552
current_debt,-.0125983012840152,1.14236831665039,742,190,552
current_debt,-.0125273689627647,1.14236974716187,742,192,550
current_debt,-.0124337496235967,1.14237284660339,742,192,550
current_debt,-.0122709469869733,1.14237296581268,742,193,549
current_debt,-.0122424075379968,1.14237451553345,742,194,548
current_debt,-.0121704936027527,1.14237952232361,742,195,547
current_debt,-.0119925467297435,1.14240062236786,742,196,546
current_debt,-.0119565799832344,1.14240491390228,742,198,544
current_debt,-.0118561554700136,1.14241790771484,742,199,543
current_debt,-.0118141751736403,1.14242613315582,742,199,543
current_debt,-.0114510310813785,1.14250099658966,742,200,542
current_debt,-.0113548347726464,1.14252209663391,742,202,540
current_debt,-.0112116187810898,1.14255487918854,742,202,540
current_debt,-.0112052522599697,1.1425564289093,742,204,538
current_debt,-.0111831361427903,1.14256238937378,742,205,537
current_debt,-.0108251422643661,1.14266169071198,742,206,536
current_debt,-.0106130614876747,1.14271378517151,742,207,535
current_debt,-.0105203446000814,1.14273691177368,742,208,534
current_debt,-.0102584762498736,1.14280104637146,742,209,533
current_debt,-.0102293491363525,1.14280796051025,742,210,532
current_debt,-.0099692167714238,1.14286732673645,742,211,531
current_debt,-.0099507560953498,1.14287126064301,742,211,531
current_debt,-.0099033489823341,1.14288115501404,742,213,529
current_debt,-.0098610511049628,1.14288687705994,742,214,528
current_debt,-.0097348457202315,1.14290750026703,742,215,527
current_debt,-.0096839359030128,1.14291620254517,742,215,527
current_debt,-.0096015837043524,1.14292979240417,742,216,526
current_debt,-.0095498450100422,1.14293885231018,742,217,525
current_debt,-.0095485020428896,1.14293920993805,742,218,524
current_debt,-.009465703740716,1.14295625686646,742,219,523
current_debt,-.0092722102999687,1.14298987388611,742,221,521
current_debt,-.0092449812218547,1.14299094676971,742,221,521
current_debt,-.0091787865385413,1.14299368858337,742,223,519
current_debt,-.0091565549373627,1.14299476146698,742,223,519
current_debt,-.0091479914262891,1.14299511909485,742,224,518
current_debt,-.0091013740748167,1.14299714565277,742,226,516
current_debt,-.0090163415297866,1.14300155639648,742,226,516
current_debt,-.0087968651205301,1.14301013946533,742,228,514
current_debt,-.0087350197136402,1.14301264286041,742,229,513
current_debt,-.0086051058024168,1.14301645755768,742,230,512
current_debt,-.0085990186780691,1.14301669597626,742,231,511
current_debt,-.0085680400952697,1.14301669597626,742,231,511
current_debt,-.008471155539155,1.14301383495331,742,233,509
current_debt,-.0084141790866852,1.14301240444183,742,233,509
current_debt,-.0084087317809463,1.14301216602325,742,234,508
current_debt,-.0083455666899681,1.1430116891861,742,236,506
current_debt,-.008340802974999,1.1430116891861,742,236,506
current_debt,-.0083244116976857,1.14301145076752,742,238,504
current_debt,-.0082835871726274,1.14300858974457,742,239,503
current_debt,-.0082481624558568,1.14300620555878,742,240,502
current_debt,-.0081750676035881,1.14300262928009,742,241,501
current_debt,-.0081732328981161,1.1430025100708,742,242,500
current_debt,-.0080703757703304,1.1429979801178,742,243,499
current_debt,-.0078572956845164,1.14298796653748,742,244,498
current_debt,-.0078048375435174,1.14298498630524,742,244,498
current_debt,-.0077449358068407,1.14298236370087,742,245,497
current_debt,-.0075978571549058,1.14297759532928,742,246,496
current_debt,-.0074393209069967,1.14297270774841,742,248,494
current_debt,-.0072586140595376,1.14296853542328,742,249,493
current_debt,-.0072417184710503,1.14296793937683,742,249,493
current_debt,-.0071436269208789,1.14296436309814,742,250,492
current_debt,-.0070962188765407,1.14296436309814,742,251,491
current_debt,-.007086087949574,1.14296412467957,742,252,490
current_debt,-.0069996393285692,1.14296412467957,742,253,489
current_debt,-.0069136139936745,1.14296472072601,742,255,487
current_debt,-.0068402271717787,1.14296591281891,742,255,487
current_debt,-.0065928120166063,1.14296162128448,742,257,485
current_debt,-.0065179653465748,1.1429625749588,742,257,485
current_debt,-.0063563059084117,1.14296901226044,742,259,483
current_debt,-.0063272998668253,1.14296960830688,742,260,482
current_debt,-.0062647522427142,1.14297127723694,742,260,482
current_debt,-.0061271023005247,1.14297378063202,742,262,480
current_debt,-.005863921251148,1.14298403263092,742,262,480
current_debt,-.00583425629884,1.14298593997955,742,264,478
current_debt,-.0058056064881384,1.14298927783966,742,265,477
current_debt,-.0057865618728101,1.14299142360687,742,266,476
current_debt,-.0056802229955792,1.14300441741943,742,267,475
current_debt,-.0056298645213246,1.14301013946533,742,268,474
current_debt,-.0055751679465175,1.14301466941833,742,268,474
current_debt,-.0055630006827414,1.14301562309265,742,270,472
current_debt,-.0054767560213804,1.14302158355713,742,271,471
current_debt,-.0053891739808023,1.1430242061615,742,271,471
current_debt,-.0052593685686588,1.14302539825439,742,273,469
current_debt,-.0052021122537553,1.14302623271942,742,274,468
current_debt,-.0050586042925715,1.14302349090576,742,275,467
current_debt,-.0050236508250237,1.14302361011505,742,275,467
current_debt,-.0049998620525002,1.14302361011505,742,277,465
current_debt,-.0049915905110538,1.14302325248718,742,278,464
current_debt,-.0048389886505902,1.14301741123199,742,278,464
current_debt,-.004833250772208,1.14301741123199,742,279,463
current_debt,-.0047511258162558,1.1430162191391,742,281,461
current_debt,-.0047368556261063,1.14301633834839,742,281,461
current_debt,-.0046942057088017,1.14301717281342,742,283,459
current_debt,-.0046416455879807,1.14301741123199,742,284,458
current_debt,-.0045875385403633,1.14301717281342,742,285,457
current_debt,-.0044872337020934,1.14302039146423,742,285,457
current_debt,-.0044532525353134,1.14302277565002,742,286,456
current_debt,-.0044107837602496,1.14302492141724,742,288,454
current_debt,-.0042010671459138,1.14303553104401,742,289,453
current_debt,-.0041359909810126,1.14303874969482,742,289,453
current_debt,-.004081625957042,1.14304041862488,742,290,452
current_debt,-.0039765643887222,1.14304280281067,742,291,451
current_debt,-.0038827729877084,1.14304661750793,742,293,449
current_debt,-.0038485364057124,1.14304721355438,742,293,449
current_debt,-.0037219761870801,1.14304339885712,742,295,447
current_debt,-.0036643203347921,1.14304268360138,742,296,446
current_debt,-.0036187472287565,1.14304351806641,742,297,445
current_debt,-.0036119029391557,1.14304327964783,742,297,445
current_debt,-.0035566959995776,1.14304101467133,742,299,443
current_debt,-.003537634620443,1.14303994178772,742,299,443
current_debt,-.0033471181523055,1.14302790164948,742,300,442
current_debt,-.0033112030941993,1.14302480220795,742,302,440
current_debt,-.0032484524417669,1.14301919937134,742,302,440
current_debt,-.0031307598110288,1.14300549030304,742,304,438
current_debt,-.0030923443846405,1.14300155639648,742,304,438
current_debt,-.0030310228466988,1.14299714565277,742,305,437
current_debt,-.0030066927429289,1.14299535751343,742,306,436
current_debt,-.0029225302860141,1.14298915863037,742,307,435
current_debt,-.0028747150208801,1.14298629760742,742,309,433
current_debt,-.0028144640382379,1.14298295974731,742,310,432
current_debt,-.0026505847927183,1.14297354221344,742,310,432
current_debt,-.0026438520289958,1.14297330379486,742,311,431
current_debt,-.0026175857055932,1.1429728269577,742,313,429
current_debt,-.0024604988284409,1.14297044277191,742,314,428
current_debt,-.0024259178899229,1.14296996593475,742,314,428
current_debt,-.0023782958742231,1.14297103881836,742,316,426
current_debt,-.0023511482868344,1.14297270774841,742,316,426
current_debt,-.002235465683043,1.1429808139801,742,318,424
current_debt,-.0022128093987703,1.14298212528229,742,319,423
current_debt,-.0020720302127302,1.14298903942108,742,319,423
current_debt,-.0020048792939633,1.14299345016479,742,321,421
current_debt,-.0018565155332908,1.14300179481506,742,322,420
current_debt,-.0018545280909166,1.14300191402435,742,322,420
current_debt,-.0018367884913459,1.14300417900085,742,324,418
current_debt,-.0017268618103117,1.14301455020905,742,324,418
current_debt,-.0016664819559082,1.14302110671997,742,326,416
current_debt,-.001627606456168,1.14302623271942,742,326,416
current_debt,-.0016144200926647,1.14302754402161,742,327,415
current_debt,-.0015460209688172,1.14304327964783,742,328,414
current_debt,-.0015208616387099,1.14304828643799,742,330,412
current_debt,-.0012515404960141,1.14310109615326,742,330,412
current_debt,-.0009181346395053,1.14317631721497,742,331,411
current_debt,-.0008595667313784,1.14319014549255,742,333,409
current_debt,-.0008548463811167,1.14319133758545,742,333,409
current_debt,-.0007196583319455,1.14322292804718,742,335,407
current_debt,-.0006298725493252,1.1432443857193,742,336,406
current_debt,-.0004992419853806,1.14327359199524,742,337,405
current_debt,-.0004844482755288,1.14327669143677,742,338,404
current_debt,-.000465227116365,1.14328074455261,742,338,404
current_debt,-.0003288265434094,1.14331102371216,742,339,403
current_debt,-.000289112329483,1.14331901073456,742,341,401
current_debt,.0000354866606358,1.14342713356018,742,342,400
current_debt,.0000677027928759,1.14343774318695,742,342,400
current_debt,.0000819787164801,1.14344239234924,742,344,398
current_debt,.0003152684075758,1.14351677894592,742,345,397
current_debt,.0003825378371403,1.1435387134552,742,346,396
current_debt,.0004154831694905,1.14354956150055,742,347,395
current_debt,.0004591168544721,1.14356362819672,742,348,394
current_debt,.000467672245577,1.14356696605682,742,349,393
current_debt,.0006256437045522,1.14363074302673,742,349,393
current_debt,.0007192695629783,1.14366662502289,742,351,391
current_debt,.0008714663563296,1.14372563362122,742,351,391
current_debt,.0008770467247814,1.14372777938843,742,353,389
current_debt,.0009810402989388,1.14376580715179,742,354,388
current_debt,.0009901371086016,1.14376902580261,742,354,388
current_debt,.001282463199459,1.14386475086212,742,355,387
current_debt,.0014369591372088,1.14392113685608,742,357,385
current_debt,.0014764005318284,1.14393579959869,742,357,385
current_debt,.0015056260162964,1.14394700527191,742,358,384
current_debt,.0016943713417277,1.14402079582214,742,360,382
current_debt,.0017373283626512,1.14403831958771,742,361,381
current_debt,.0020191292278469,1.14414525032043,742,362,380
current_debt,.0020229564979672,1.1441468000412,742,362,380
current_debt,.0021087354980409,1.14417862892151,742,363,379
current_debt,.0022393499966711,1.14422595500946,742,365,377
current_debt,.0023043800611049,1.14425003528595,742,366,376
current_debt,.0023601865395904,1.14427042007446,742,367,375
current_debt,.0024512915406376,1.14430916309357,742,367,375
current_debt,.0026177738327533,1.14438426494598,742,368,374
current_debt,.0027526027988642,1.14444398880005,742,369,373
current_debt,.0027580501046032,1.14444649219513,742,371,371
current_debt,.002778401132673,1.14445567131042,742,371,371
current_debt,.0030400536488742,1.14456331729889,742,373,369
current_debt,.003118387889117,1.14459598064423,742,373,369
current_debt,.0033660570625216,1.14469563961029,742,375,367
current_debt,.0034437028225511,1.1447274684906,742,375,367
current_debt,.0034466504584998,1.1447286605835,742,377,365
current_debt,.0036887037567794,1.14480912685394,742,377,365
current_debt,.0038137293886393,1.14485108852386,742,378,364
current_debt,.0039824079722166,1.1449089050293,742,379,363
current_debt,.0040839547291398,1.14494287967682,742,380,362
current_debt,.0041120033711195,1.14495182037354,742,382,360
current_debt,.0042770695872605,1.14500486850739,742,383,359
current_debt,.0043233665637672,1.14502024650574,742,384,358
current_debt,.0043441890738904,1.14502680301666,742,384,358
current_debt,.0043887947686017,1.14504182338715,742,386,356
current_debt,.0044191358610988,1.14505207538605,742,387,355
current_debt,.0044751917012036,1.14507043361664,742,388,354
current_debt,.0045881057158113,1.14510631561279,742,389,353
current_debt,.0047540157102048,1.14515912532806,742,389,353
current_debt,.0047895438037813,1.14517068862915,742,391,351
current_debt,.0049525336362422,1.14522278308868,742,392,350
current_debt,.0050019668415189,1.14523804187775,742,393,349
current_debt,.0050328210927546,1.14524757862091,742,393,349
current_debt,.0050956686027348,1.14526748657227,742,394,348
current_debt,.0053040310740471,1.14533126354218,742,396,346
current_debt,.005542466416955,1.14540374279022,742,397,345
current_debt,.0057869362644851,1.14547634124756,742,397,345
current_debt,.0061185387894511,1.14557182788849,742,398,344
current_debt,.0061197313480079,1.14557206630707,742,399,343
current_debt,.0064432793296874,1.14565920829773,742,401,341
current_debt,.0064479792490602,1.14566040039063,742,402,340
current_debt,.0065023358911276,1.14567506313324,742,403,339
current_debt,.0065114982426167,1.14567756652832,742,404,338
current_debt,.006520398426801,1.14567995071411,742,405,337
current_debt,.0066134892404079,1.14570343494415,742,405,337
current_debt,.006627335678786,1.14570689201355,742,406,336
current_debt,.0068166214041412,1.14575278759003,742,408,334
current_debt,.0068214535713196,1.14575397968292,742,409,333
current_debt,.006845363881439,1.14575958251953,742,410,332
current_debt,.0072101522237062,1.14584195613861,742,410,332
current_debt,.0072570145130157,1.14585316181183,742,411,331
current_debt,.0073929545469582,1.14588594436646,742,412,330
current_debt,.0075976350344718,1.14593362808228,742,414,328
current_debt,.007715068757534,1.14596140384674,742,414,328
current_debt,.0077212359756231,1.14596283435822,742,415,327
current_debt,.007762610912323,1.1459721326828,742,417,325
current_debt,.0078546069562435,1.1459926366806,742,417,325
current_debt,.0079062953591347,1.14600419998169,742,419,323
current_debt,.0081718042492867,1.14606428146362,742,420,322
current_debt,.0082294857129455,1.14607727527618,742,421,321
current_debt,.0084934271872044,1.14613664150238,742,422,320
current_debt,.0085562961176038,1.14615070819855,742,423,319
current_debt,.0085708415135741,1.14615392684937,742,423,319
current_debt,.0087930969893932,1.14620316028595,742,424,318
current_debt,.0089560318738222,1.14623892307281,742,425,317
current_debt,.0091323684900999,1.14627766609192,742,426,316
current_debt,.0091620581224561,1.14628422260284,742,428,314
current_debt,.0091675473377109,1.14628529548645,742,429,313
current_debt,.0091844135895371,1.14628899097443,742,429,313
current_debt,.0092143910005689,1.14629554748535,742,431,311
current_debt,.0092991888523102,1.14631259441376,742,432,310
current_debt,.0094386134296656,1.14634037017822,742,433,309
current_debt,.0097214439883828,1.14639830589294,742,433,309
current_debt,.0098336888477206,1.14641988277435,742,434,308
current_debt,.0098449727520347,1.14642202854156,742,436,306
current_debt,.0099067781120539,1.14643383026123,742,437,305
current_debt,.0100810946896672,1.14646565914154,742,437,305
current_debt,.0102622592821717,1.14649891853333,742,438,304
current_debt,.0103519139811397,1.1465151309967,742,440,302
current_debt,.0103757428005338,1.14651942253113,742,441,301
current_debt,.0104425679892302,1.14653098583221,742,442,300
current_debt,.01050188485533,1.14654135704041,742,443,299
current_debt,.0110233640298247,1.1466338634491,742,443,299
current_debt,.0110540604218841,1.14663934707642,742,445,297
current_debt,.0111444108188152,1.14665508270264,742,445,297
current_debt,.0111467856913805,1.14665544033051,742,447,295
current_debt,.0111481696367264,1.14665567874908,742,448,294
current_debt,.0113305235281587,1.14668595790863,742,449,293
current_debt,.0115989334881306,1.14672946929932,742,450,292
current_debt,.0119024692103267,1.14677762985229,742,451,291
current_debt,.0119706457480788,1.14678847789764,742,451,291
current_debt,.0122091062366962,1.1468254327774,742,452,290
current_debt,.0122125670313835,1.14682602882385,742,453,289
current_debt,.0122215198352933,1.14682734012604,742,455,287
current_debt,.012223138473928,1.14682757854462,742,456,286
current_debt,.0122743295505643,1.14683508872986,742,457,285
current_debt,.0123656019568443,1.14684903621674,742,457,285
current_debt,.0123853953555226,1.14685201644897,742,458,284
current_debt,.012564267963171,1.14687848091125,742,459,283
current_debt,.0125653995200992,1.14687871932983,742,461,281
current_debt,.0127020254731178,1.14689922332764,742,461,281
current_debt,.012792494148016,1.14691293239594,742,463,279
current_debt,.0128839425742626,1.14692676067352,742,463,279
current_debt,.0131695996969938,1.14697015285492,742,464,278
current_debt,.0134254330769181,1.14700829982758,742,465,277
current_debt,.0135519066825509,1.14702701568604,742,466,276
current_debt,.0136055061593652,1.14703488349915,742,468,274
current_debt,.0136659182608128,1.14704382419586,742,469,273
current_debt,.01370760332793,1.14704990386963,742,470,272
current_debt,.013889036141336,1.14707493782043,742,471,271
current_debt,.0143540287390351,1.14714026451111,742,471,271
current_debt,.0144685842096806,1.14715719223022,742,473,269
current_debt,.0144848208874464,1.14715957641602,742,473,269
current_debt,.0145020680502057,1.14716196060181,742,474,268
current_debt,.0145279169082642,1.14716565608978,742,476,266
current_debt,.0146164018660784,1.14717864990234,742,477,265
current_debt,.0151640046387911,1.14725947380066,742,478,264
current_debt,.0152458809316158,1.1472715139389,742,478,264
current_debt,.015311841852963,1.14728093147278,742,480,262
current_debt,.0153444679453969,1.14728569984436,742,481,261
current_debt,.015542539767921,1.14731526374817,742,482,260
current_debt,.0156823880970478,1.14733600616455,742,482,260
current_debt,.0157895181328058,1.14735221862793,742,483,259
current_debt,.0159305520355701,1.14737391471863,742,484,258
current_debt,.0160294361412525,1.14739000797272,742,485,257
current_debt,.0160735175013542,1.14739775657654,742,486,256
current_debt,.0160813145339489,1.14739918708801,742,488,254
current_debt,.0160825550556183,1.14739942550659,742,489,253
current_debt,.0162682011723518,1.14743220806122,742,489,253
current_debt,.0163553450256586,1.14744758605957,742,490,252
current_debt,.016452744603157,1.14746427536011,742,491,251
current_debt,.0165629591792822,1.14748311042786,742,493,249
current_debt,.0166011936962605,1.14749193191528,742,494,248
current_debt,.0170161835849285,1.14758217334747,742,494,248
current_debt,.01704709418118,1.14758861064911,742,496,246
current_debt,.0172289367765188,1.14762616157532,742,496,246
current_debt,.0172329805791378,1.14762687683105,742,497,245
current_debt,.0172905754297972,1.14763867855072,742,499,243
current_debt,.0173254702240229,1.1476457118988,742,500,242
current_debt,.0173881780356169,1.14765822887421,742,501,241
current_debt,.0174857787787914,1.14767742156982,742,501,241
current_debt,.0178661067038774,1.14774966239929,742,502,240
current_debt,.018098458647728,1.14779186248779,742,504,238
current_debt,.0182588770985603,1.14782023429871,742,504,238
current_debt,.018686268478632,1.14789497852325,742,506,236
current_debt,.0187720842659473,1.14790952205658,742,506,236
current_debt,.0189530737698078,1.14793920516968,742,507,235
current_debt,.0191378723829985,1.14796829223633,742,509,233
current_debt,.0192904155701399,1.14799129962921,742,510,232
current_debt,.0193150732666254,1.14799499511719,742,510,232
current_debt,.0194048266857862,1.14800810813904,742,511,231
current_debt,.0194535106420517,1.14801502227783,742,513,229
current_debt,.019532211124897,1.14802598953247,742,513,229
current_debt,.0196317043155432,1.14803910255432,742,515,227
current_debt,.019640825688839,1.14804029464722,742,516,226
current_debt,.0197226982563734,1.14805054664612,742,516,226
current_debt,.0198458824306726,1.1480655670166,742,517,225
current_debt,.0201066322624683,1.14809465408325,742,518,224
current_debt,.0201887991279364,1.14810299873352,742,520,222
current_debt,.020416708663106,1.14812469482422,742,521,221
current_debt,.0205427017062902,1.14813566207886,742,521,221
current_debt,.0205963328480721,1.14814019203186,742,523,219
current_debt,.0206808894872665,1.14814686775208,742,523,219
current_debt,.0208701193332672,1.14816069602966,742,524,218
current_debt,.0212015397846699,1.14818155765533,742,526,216
current_debt,.0212042853236198,1.14818167686462,742,526,216
current_debt,.0212657358497381,1.14818513393402,742,527,215
current_debt,.0214195363223553,1.14819288253784,742,529,213
current_debt,.0215908996760845,1.14820039272308,742,529,213
current_debt,.0216358415782452,1.14820230007172,742,531,211
current_debt,.0217443574219942,1.14820647239685,742,531,211
current_debt,.0219444017857313,1.14821374416351,742,532,210
current_debt,.0219459738582373,1.1482138633728,742,534,208
current_debt,.0219963807612658,1.14821541309357,742,535,207
current_debt,.0225862693041563,1.14822912216187,742,535,207
current_debt,.0227112080901861,1.14823091030121,742,536,206
current_debt,.0231646243482828,1.14823317527771,742,537,205
current_debt,.0232183821499348,1.148233294487,742,539,203
current_debt,.0232236664742231,1.148233294487,742,539,203
current_debt,.0235513802617788,1.14823532104492,742,540,202
current_debt,.0236589033156633,1.14823544025421,742,541,201
current_debt,.0237613525241613,1.1482355594635,742,542,200
current_debt,.0237987637519836,1.14823508262634,742,543,199
current_debt,.023829597979784,1.14823460578918,742,544,198
current_debt,.0240814257413149,1.14822900295258,742,546,196
current_debt,.0241919122636318,1.14822614192963,742,546,196
current_debt,.0242975428700447,1.14822280406952,742,547,195
current_debt,.0243650246411562,1.14821994304657,742,549,193
current_debt,.0246797166764736,1.14820384979248,742,549,193
current_debt,.0256650373339653,1.14813685417175,742,551,191
current_debt,.0259802974760532,1.1481055021286,742,551,191
current_debt,.0260062851011753,1.14810264110565,742,552,190
current_debt,.0260300263762474,1.14810025691986,742,553,189
current_debt,.0260737594217062,1.14809572696686,742,555,187
current_debt,.0261797085404396,1.14808404445648,742,555,187
current_debt,.0263743195682764,1.14806008338928,742,556,186
current_debt,.0264127422124147,1.14805519580841,742,557,185
current_debt,.0265046283602715,1.14804291725159,742,559,183
current_debt,.0265935566276312,1.14803171157837,742,560,182
current_debt,.0272261910140514,1.14794707298279,742,560,182
current_debt,.0276134423911572,1.1478887796402,742,562,180
current_debt,.0276708230376244,1.14787924289703,742,563,179
current_debt,.0276751313358545,1.1478785276413,742,563,179
current_debt,.0276755094528198,1.1478785276413,742,564,178
current_debt,.027899406850338,1.1478431224823,742,566,176
current_debt,.0283183567225933,1.14777684211731,742,566,176
current_debt,.0283951219171286,1.14776372909546,742,568,174
current_debt,.0285472329705954,1.14773654937744,742,569,173
current_debt,.0285699591040611,1.1477324962616,742,569,173
current_debt,.0287645161151886,1.14770078659058,742,571,171
current_debt,.0287693236023188,1.14769995212555,742,572,170
current_debt,.0292299389839172,1.147629737854,742,572,170
current_debt,.0294739250093699,1.14758861064911,742,574,168
current_debt,.0299070347100496,1.14751422405243,742,574,168
current_debt,.0299367401748896,1.14750897884369,742,576,166
current_debt,.0302160046994686,1.1474574804306,742,576,166
current_debt,.0304456315934658,1.14741086959839,742,577,165
current_debt,.0307338628917933,1.1473503112793,742,579,163
current_debt,.0307449642568827,1.14734816551208,742,580,162
current_debt,.0307652931660414,1.14734435081482,742,581,161
current_debt,.0310273915529251,1.14729189872742,742,581,161
current_debt,.0312865450978279,1.1472430229187,742,582,160
current_debt,.0314049273729324,1.14721751213074,742,583,159
current_debt,.0314781740307808,1.14720284938812,742,585,157
current_debt,.0318009108304977,1.14713895320892,742,585,157
current_debt,.0320178233087063,1.14709711074829,742,587,155
current_debt,.0329035706818104,1.14692580699921,742,588,154
current_debt,.033406924456358,1.1468186378479,742,589,153
current_debt,.0334962718188763,1.14680075645447,742,590,152
current_debt,.0336635001003742,1.14676535129547,742,590,152
current_debt,.0340867750346661,1.14666879177094,742,592,150
current_debt,.034320056438446,1.14661872386932,742,592,150
current_debt,.0346978157758713,1.14653551578522,742,594,148
current_debt,.0348422229290009,1.14650237560272,742,595,147
current_debt,.0353204235434532,1.14638638496399,742,595,147
current_debt,.0356261655688286,1.146329164505,742,597,145
current_debt,.0358478911221027,1.14629089832306,742,597,145
current_debt,.0359074845910072,1.14628100395203,742,598,144
current_debt,.0359328426420689,1.1462767124176,742,600,142
current_debt,.0363204218447208,1.14620876312256,742,600,142
current_debt,.0364376604557037,1.14618825912476,742,601,141
current_debt,.0370589047670364,1.14607441425323,742,602,140
current_debt,.0371442586183548,1.14605987071991,742,604,138
current_debt,.0373583845794201,1.14602029323578,742,605,137
current_debt,.037381287664175,1.14601647853851,742,605,137
current_debt,.0374662354588509,1.14601182937622,742,607,135
current_debt,.0381244122982025,1.14597380161285,742,607,135
current_debt,.0385175831615925,1.1459618806839,742,609,133
current_debt,.03861029073596,1.14595878124237,742,609,133
current_debt,.0388669371604919,1.14594125747681,742,610,132
current_debt,.0394843369722366,1.14590513706207,742,611,131
current_debt,.0399988740682602,1.14587867259979,742,613,129
current_debt,.0401847511529922,1.14586186408997,742,613,129
current_debt,.0406625382602215,1.14582145214081,742,615,127
current_debt,.0412703715264797,1.14579427242279,742,615,127
current_debt,.0419164970517159,1.14575791358948,742,617,125
current_debt,.0423269681632519,1.14571094512939,742,618,124
current_debt,.0436922088265419,1.14557540416718,742,619,123
current_debt,.0440431609749794,1.14553928375244,742,620,122
current_debt,.0442169420421124,1.14552116394043,742,621,121
current_debt,.0442557670176029,1.1455180644989,742,621,121
current_debt,.0453129410743713,1.1454381942749,742,622,120
current_debt,.0453860349953175,1.14543259143829,742,624,118
current_debt,.0457296334207058,1.14540576934814,742,625,117
current_debt,.0458922237157822,1.14538955688477,742,626,116
current_debt,.0461302921175957,1.1453605890274,742,627,115
current_debt,.0461644493043423,1.14535737037659,742,628,114
current_debt,.04732346534729,1.1452602148056,742,628,114
current_debt,.047878123819828,1.14521217346191,742,629,113
current_debt,.0487957410514355,1.14510667324066,742,631,111
current_debt,.0489435456693172,1.14509415626526,742,631,111
current_debt,.0495478771626949,1.1450469493866,742,632,110
current_debt,.0501854829490185,1.14498686790466,742,634,108
current_debt,.0505783408880234,1.14495897293091,742,635,107
current_debt,.0511618070304394,1.14491212368011,742,636,106
current_debt,.051182247698307,1.14491081237793,742,636,106
current_debt,.0511892475187778,1.14491045475006,742,637,105
current_debt,.0515557937324047,1.14488279819489,742,638,104
current_debt,.0515885651111603,1.14487946033478,742,640,102
current_debt,.0524194575846195,1.14494204521179,742,640,102
current_debt,.0526527836918831,1.14496195316315,742,642,100
current_debt,.0529618561267853,1.14498603343964,742,643,99
current_debt,.0535405240952969,1.14502644538879,742,644,98
current_debt,.0542212687432766,1.14507949352264,742,645,97
current_debt,.0542933121323586,1.14508533477783,742,646,96
current_debt,.054802767932415,1.14511859416962,742,646,96
current_debt,.0559947676956654,1.14520454406738,742,648,94
current_debt,.0570643469691277,1.14529323577881,742,649,93
current_debt,.0579048432409763,1.1453891992569,742,649,93
current_debt,.0587869919836521,1.14548194408417,742,650,92
current_debt,.0588392205536366,1.14548814296722,742,652,90
current_debt,.0590678825974464,1.14551246166229,742,652,90
current_debt,.0591831393539906,1.14552438259125,742,654,88
current_debt,.0592207536101341,1.14552986621857,742,654,88
current_debt,.0592238157987595,1.14553022384644,742,656,86
current_debt,.0595004521310329,1.14556419849396,742,656,86
current_debt,.06073147803545,1.14569890499115,742,658,84
current_debt,.0609919764101505,1.14572465419769,742,658,84
current_debt,.0621110461652279,1.14583790302277,742,660,82
current_debt,.0645169615745544,1.14609730243683,742,660,82
current_debt,.0646779611706734,1.14612257480621,742,662,80
current_debt,.0651515275239944,1.14619386196136,742,662,80
current_debt,.0652119219303131,1.14620399475098,742,663,79
current_debt,.0655552074313164,1.14625680446625,742,665,77
current_debt,.0661381557583809,1.14633965492249,742,666,76
current_debt,.0663367509841919,1.14637291431427,742,667,75
current_debt,.0665310397744179,1.14640617370605,742,668,74
current_debt,.0667714700102806,1.14641356468201,742,668,74
current_debt,.0669104158878326,1.14641642570496,742,669,73
current_debt,.0672021582722664,1.14642012119293,742,671,71
current_debt,.0672386065125465,1.14642083644867,742,671,71
current_debt,.0673098489642143,1.14642190933228,742,672,70
current_debt,.0676858350634575,1.14642679691315,742,674,68
current_debt,.0685602799057961,1.14643311500549,742,675,67
current_debt,.0689226612448692,1.14644157886505,742,675,67
current_debt,.0707608833909035,1.14651679992676,742,677,65
current_debt,.0710586830973625,1.14652836322784,742,677,65
current_debt,.072505347430706,1.14661264419556,742,678,64
current_debt,.0726235508918762,1.14661204814911,742,679,63
current_debt,.0727314352989197,1.14661478996277,742,681,61
current_debt,.0733338966965675,1.14663755893707,742,681,61
current_debt,.0750764384865761,1.1467798948288,742,683,59
current_debt,.076704353094101,1.14710032939911,742,684,58
current_debt,.0771431922912598,1.14718413352966,742,685,57
current_debt,.0778079628944397,1.14730978012085,742,686,56
current_debt,.0781647637486458,1.14738154411316,742,687,55
current_debt,.0783014819025993,1.14741194248199,742,687,55
current_debt,.0783793404698372,1.14743030071259,742,689,53
current_debt,.0784529596567154,1.14745879173279,742,690,52
current_debt,.0791508033871651,1.14772188663483,742,691,51
current_debt,.0800864100456238,1.14807069301605,742,692,50
current_debt,.0811624750494957,1.14847958087921,742,693,49
current_debt,.0813666731119156,1.14855873584747,742,694,48
current_debt,.0826452299952507,1.14900755882263,742,695,47
current_debt,.0846268311142921,1.14957404136658,742,695,47
current_debt,.0847699791193008,1.14961636066437,742,696,46
current_debt,.0851839110255241,1.14973413944244,742,697,45
current_debt,.0877217650413513,1.1505081653595,742,698,44
current_debt,.0879695415496826,1.15058624744415,742,699,43
current_debt,.0888211503624916,1.15087878704071,742,700,42
current_debt,.0935786738991737,1.15257120132446,742,701,41
current_debt,.102391704916954,1.15579164028168,742,702,40
current_debt,.103672087192535,1.15624439716339,742,704,38
current_debt,.106209948658943,1.15708911418915,742,705,37
current_debt,.10652033239603,1.15717160701752,742,705,37
current_debt,.107082806527615,1.15732610225677,742,707,35
current_debt,.108756683766842,1.15774869918823,742,708,34
current_debt,.115001253783703,1.1594181060791,742,709,33
current_debt,.118772327899933,1.16037976741791,742,710,32
current_debt,.119809113442898,1.16069912910461,742,711,31
current_debt,.120011322200298,1.16076231002808,742,711,31
current_debt,.121353611350059,1.16116189956665,742,712,30
current_debt,.124175399541855,1.16201674938202,742,714,28
current_debt,.125080078840256,1.1623055934906,742,714,28
current_debt,.127978563308716,1.16319251060486,742,715,27
current_debt,.128780290484428,1.16343116760254,742,717,25
current_debt,.134380325675011,1.16506934165955,742,718,24
current_debt,.13680100440979,1.16573917865753,742,718,24
current_debt,.142966851592064,1.16729152202606,742,720,22
current_debt,.150277182459831,1.16906917095184,742,720,22
current_debt,.151179134845734,1.16928458213806,742,721,21
current_debt,.154040187597275,1.17005085945129,742,723,19
current_debt,.15775603055954,1.1708482503891,742,724,18
current_debt,.204301998019218,1.17942833900452,742,724,18
current_debt,.226570218801498,1.18329334259033,742,726,16
current_debt,.231623813509941,1.18406498432159,742,727,15
current_debt,.236362040042877,1.18468880653381,742,728,14
current_debt,.252428472042084,1.18723201751709,742,728,14
current_debt,.252811312675476,1.1872900724411,742,730,12
current_debt,.252829313278198,1.18729281425476,742,730,12
current_debt,.260599464178085,1.18840146064758,742,732,10
current_debt,.265687048435211,1.18909323215485,742,733,9
current_debt,.26598596572876,1.18913400173187,742,734,8
current_debt,.283571034669876,1.19149696826935,742,735,7
current_debt,.288414686918259,1.19211137294769,742,736,6
current_debt,.293077766895294,1.19269907474518,742,737,5
current_debt,.300169199705124,1.1935122013092,742,738,4
current_debt,.300401449203491,1.1935350894928,742,739,3
current_debt,.303112208843231,1.19375908374786,742,740,2
current_debt,.305125325918198,1.19407713413239,742,740,2
lagged_debt,-.0309605877846479,1.08109652996063,742,2,740
lagged_debt,-.0298745017498732,1.08126068115234,742,2,740
lagged_debt,-.0298007614910603,1.08124792575836,742,3,739
lagged_debt,-.0293998792767525,1.08129227161407,742,4,738
lagged_debt,-.0290515702217817,1.08140194416046,742,6,736
lagged_debt,-.0288207698613405,1.08145773410797,742,7,735
lagged_debt,-.0285165440291166,1.08161914348602,742,8,734
lagged_debt,-.0281535480171442,1.08171200752258,742,9,733
lagged_debt,-.0280834846198559,1.0817244052887,742,9,733
lagged_debt,-.0272100269794464,1.08176410198212,742,11,731
lagged_debt,-.027007220312953,1.08175659179688,742,11,731
lagged_debt,-.026950690895319,1.08175444602966,742,12,730
lagged_debt,-.0269472394138575,1.08175444602966,742,13,729
lagged_debt,-.0269208457320929,1.08175134658813,742,14,728
lagged_debt,-.0267357844859362,1.08174252510071,742,15,727
lagged_debt,-.0265867039561272,1.08173096179962,742,16,726
lagged_debt,-.026423268020153,1.08174240589142,742,18,724
lagged_debt,-.0262292101979256,1.08179008960724,742,18,724
lagged_debt,-.0261076353490353,1.08181917667389,742,19,723
lagged_debt,-.0259274616837502,1.08185613155365,742,20,722
lagged_debt,-.0256766527891159,1.08190417289734,742,22,720
lagged_debt,-.025637062266469,1.08191204071045,742,23,719
lagged_debt,-.0255404505878687,1.08193564414978,742,23,719
lagged_debt,-.0252999756485224,1.08201467990875,742,24,718
lagged_debt,-.0252983327955008,1.08201515674591,742,25,717
lagged_debt,-.0251442845910788,1.0820620059967,742,26,716
lagged_debt,-.0250826962292194,1.08207952976227,742,28,714
lagged_debt,-.0249954201281071,1.08211135864258,742,28,714
lagged_debt,-.0249575655907393,1.08212220668793,742,29,713
lagged_debt,-.0248948186635971,1.08213937282562,742,31,711
lagged_debt,-.0248258616775274,1.08215379714966,742,32,710
lagged_debt,-.02470394782722,1.08217716217041,742,32,710
lagged_debt,-.0245895609259605,1.08219707012177,742,34,708
lagged_debt,-.0245220735669136,1.08221054077148,742,35,707
lagged_debt,-.0244528092443943,1.08222365379333,742,36,706
lagged_debt,-.0243853852152824,1.08223962783813,742,37,705
lagged_debt,-.0240027830004692,1.08231234550476,742,38,704
lagged_debt,-.0240012519061565,1.08231270313263,742,39,703
lagged_debt,-.0237478204071522,1.08236753940582,742,39,703
lagged_debt,-.0237139202654362,1.08237385749817,742,40,702
lagged_debt,-.0235783495008945,1.08239877223969,742,42,700
lagged_debt,-.0233707800507545,1.08243715763092,742,43,699
lagged_debt,-.0233597848564386,1.08243918418884,742,44,698
lagged_debt,-.0230550076812506,1.08249413967133,742,44,698
lagged_debt,-.0229589343070984,1.08251130580902,742,45,697
lagged_debt,-.022685781121254,1.08256506919861,742,46,696
lagged_debt,-.0226153023540974,1.08257830142975,742,47,695
lagged_debt,-.0224012080579996,1.08261358737946,742,49,693
lagged_debt,-.0223706401884556,1.08261895179749,742,49,693
lagged_debt,-.0221537817269564,1.08265888690948,742,50,692
lagged_debt,-.0221462231129408,1.08266031742096,742,51,691
lagged_debt,-.0216003078967333,1.08277320861816,742,52,690
lagged_debt,-.0214921664446592,1.08279466629028,742,54,688
lagged_debt,-.021460123360157,1.08280110359192,742,55,687
lagged_debt,-.0213494226336479,1.08282232284546,742,56,686
lagged_debt,-.0213274192065001,1.08282685279846,742,56,686
lagged_debt,-.0213240645825863,1.0828275680542,742,57,685
lagged_debt,-.0211649369448423,1.08286011219025,742,59,683
lagged_debt,-.0211647544056177,1.08286011219025,742,60,682
lagged_debt,-.0210562963038683,1.08288335800171,742,60,682
lagged_debt,-.0210201349109411,1.08289122581482,742,62,680
lagged_debt,-.0209235176444054,1.08291280269623,742,62,680
lagged_debt,-.0208538789302111,1.08292782306671,742,63,679
lagged_debt,-.0208318065851927,1.082932472229,742,64,678
lagged_debt,-.0207927003502846,1.08294022083282,742,65,677
lagged_debt,-.0207498427480459,1.08294868469238,742,67,675
lagged_debt,-.0202802680432796,1.0830352306366,742,68,674
lagged_debt,-.0202770885080099,1.08303582668304,742,69,673
lagged_debt,-.0202209204435349,1.08304595947266,742,69,673
lagged_debt,-.0201415903866291,1.08306062221527,742,71,671
lagged_debt,-.0200815424323082,1.08307218551636,742,71,671
lagged_debt,-.0200677346438169,1.08307480812073,742,73,669
lagged_debt,-.020025908946991,1.08308303356171,742,73,669
lagged_debt,-.0200237408280373,1.08308339118958,742,74,668
lagged_debt,-.0199692100286484,1.08309400081635,742,75,667
lagged_debt,-.019855123013258,1.08311629295349,742,76,666
lagged_debt,-.0197506453841925,1.08313632011414,742,77,665
lagged_debt,-.0197297036647797,1.08314025402069,742,78,664
lagged_debt,-.0196937266737223,1.08314692974091,742,79,663
lagged_debt,-.0195106472820044,1.08318078517914,742,80,662
lagged_debt,-.0194777082651854,1.08318674564362,742,81,661
lagged_debt,-.0190328117460012,1.08326613903046,742,83,659
lagged_debt,-.0189643688499928,1.08327829837799,742,83,659
lagged_debt,-.0189639609307051,1.08327841758728,742,84,658
lagged_debt,-.0188949126750231,1.08329081535339,742,85,657
lagged_debt,-.0188372749835253,1.08330130577087,742,86,656
lagged_debt,-.0187139976769686,1.08332359790802,742,87,655
lagged_debt,-.0185652542859316,1.08335113525391,742,88,654
lagged_debt,-.0185031499713659,1.08336269855499,742,90,652
lagged_debt,-.0184340421110392,1.08337545394897,742,90,652
lagged_debt,-.0182254761457443,1.08341407775879,742,92,650
lagged_debt,-.0182170141488314,1.08341562747955,742,92,650
lagged_debt,-.0181511547416449,1.0834287405014,742,93,649
lagged_debt,-.0179178882390261,1.08347392082214,742,94,648
lagged_debt,-.0177873708307743,1.08349823951721,742,96,646
lagged_debt,-.0177760925143957,1.08350038528442,742,97,645
lagged_debt,-.0177433360368013,1.0835063457489,742,98,644
lagged_debt,-.0176885966211557,1.0835165977478,742,99,643
lagged_debt,-.0173348020762205,1.08358299732208,742,100,642
lagged_debt,-.0173282846808434,1.08358418941498,742,100,642
lagged_debt,-.0172732900828123,1.08359456062317,742,102,640
lagged_debt,-.0172139573842287,1.0836056470871,742,103,639
lagged_debt,-.017031405121088,1.08363997936249,742,104,638
lagged_debt,-.0168981831520796,1.08366525173187,742,104,638
lagged_debt,-.0168530754745007,1.08367383480072,742,105,637
lagged_debt,-.0168481674045324,1.08367478847504,742,107,635
lagged_debt,-.0167701132595539,1.08368968963623,742,108,634
lagged_debt,-.0167218931019306,1.08369886875153,742,109,633
lagged_debt,-.0164260100573301,1.08375465869904,742,110,632
lagged_debt,-.0163514111191034,1.08376860618591,742,111,631
lagged_debt,-.0162734724581242,1.08378291130066,742,111,631
lagged_debt,-.0160666704177856,1.08382046222687,742,113,629
lagged_debt,-.0159825105220079,1.08383560180664,742,114,628
lagged_debt,-.0159788392484188,1.08383619785309,742,115,627
lagged_debt,-.015895739197731,1.0838508605957,742,116,626
lagged_debt,-.0158837698400021,1.08385288715363,742,116,626
lagged_debt,-.015862112864852,1.08385646343231,742,117,625
lagged_debt,-.0157748274505138,1.08387100696564,742,119,623
lagged_debt,-.015745198354125,1.08387577533722,742,120,622
lagged_debt,-.0157199129462242,1.08387994766235,742,121,621
lagged_debt,-.0154323391616344,1.08392453193665,742,122,620
lagged_debt,-.0154294744133949,1.0839250087738,742,123,619
lagged_debt,-.0152380345389247,1.08395290374756,742,123,619
lagged_debt,-.0152093218639493,1.0839569568634,742,124,618
lagged_debt,-.0150551088154316,1.08397841453552,742,125,617
lagged_debt,-.0149749973788857,1.08398878574371,742,127,615
lagged_debt,-.0147404754534364,1.08401656150818,742,127,615
lagged_debt,-.0146533697843552,1.08402585983276,742,128,614
lagged_debt,-.0146412057802081,1.08402729034424,742,130,612
lagged_debt,-.0146058443933725,1.08403062820435,742,131,611
lagged_debt,-.0145556814968586,1.0840345621109,742,131,611
lagged_debt,-.0145396888256073,1.0840357542038,742,133,609
lagged_debt,-.0144956856966019,1.0840390920639,742,133,609
lagged_debt,-.0144311264157295,1.08404386043549,742,135,607
lagged_debt,-.014339292421937,1.08405077457428,742,135,607
lagged_debt,-.0142435440793633,1.08405816555023,742,137,605
lagged_debt,-.0140473991632462,1.08407485485077,742,137,605
lagged_debt,-.0140294125303626,1.08407604694366,742,139,603
lagged_debt,-.0139392605051398,1.08407878875732,742,140,602
lagged_debt,-.0139367990195751,1.08407878875732,742,141,601
lagged_debt,-.0138034662231803,1.08408463001251,742,141,601
lagged_debt,-.0136690409854054,1.08408772945404,742,143,599
lagged_debt,-.0135934511199594,1.08408963680267,742,143,599
lagged_debt,-.0135654676705599,1.08408999443054,742,144,598
lagged_debt,-.0134340468794107,1.08409309387207,742,146,596
lagged_debt,-.0133874276652932,1.08409440517426,742,147,595
lagged_debt,-.013300321996212,1.08410024642944,742,148,594
lagged_debt,-.0132655203342438,1.08410251140594,742,148,594
lagged_debt,-.0131444539874792,1.08411014080048,742,150,592
lagged_debt,-.0131276799365878,1.08411109447479,742,151,591
lagged_debt,-.0129583878442645,1.08412170410156,742,152,590
lagged_debt,-.0128733282908797,1.08412766456604,742,153,589
lagged_debt,-.0128038823604584,1.08413314819336,742,153,589
lagged_debt,-.0127979647368193,1.08413374423981,742,154,588
lagged_debt,-.0127448635175824,1.08413803577423,742,156,586
lagged_debt,-.0127281388267875,1.084139585495,742,156,586
lagged_debt,-.0126551259309053,1.08414649963379,742,158,584
lagged_debt,-.0125674409791827,1.08415400981903,742,159,583
lagged_debt,-.0125083178281784,1.08415985107422,742,160,582
lagged_debt,-.0124574778601527,1.08416545391083,742,161,581
lagged_debt,-.0123980958014727,1.08417165279388,742,161,581
lagged_debt,-.0123374704271555,1.08417749404907,742,162,580
lagged_debt,-.0122901685535908,1.0841817855835,742,163,579
lagged_debt,-.0122087150812149,1.08418941497803,742,165,577
lagged_debt,-.012177811935544,1.08419275283813,742,166,576
lagged_debt,-.0121496431529522,1.08419930934906,742,166,576
lagged_debt,-.012126637622714,1.08420431613922,742,168,574
lagged_debt,-.0120446309447289,1.08422255516052,742,168,574
lagged_debt,-.0120254587382078,1.08422684669495,742,170,572
lagged_debt,-.0119841396808624,1.08423757553101,742,171,571
lagged_debt,-.011974380351603,1.08423960208893,742,172,570
lagged_debt,-.0119687467813492,1.08424091339111,742,172,570
lagged_debt,-.0119094112887979,1.08425438404083,742,173,569
lagged_debt,-.0117509923875332,1.08428740501404,742,174,568
lagged_debt,-.0117317661643028,1.08429086208344,742,176,566
lagged_debt,-.011405823752284,1.08435297012329,742,177,565
lagged_debt,-.011269673705101,1.08437716960907,742,178,564
lagged_debt,-.0112432846799493,1.08438181877136,742,178,564
lagged_debt,-.0111967669799924,1.08439099788666,742,179,563
lagged_debt,-.0110994521528482,1.08440899848938,742,181,561
lagged_debt,-.0110919279977679,1.08441030979156,742,182,560
lagged_debt,-.010870055295527,1.08445239067078,742,182,560
lagged_debt,-.0108251320198178,1.08446061611176,742,184,558
lagged_debt,-.0107343960553408,1.08447790145874,742,184,558
lagged_debt,-.0106932716444135,1.08448445796967,742,185,557
lagged_debt,-.0106875039637089,1.08448565006256,742,186,556
lagged_debt,-.0105559593066573,1.08450865745544,742,188,554
lagged_debt,-.0105281649157405,1.08451390266418,742,188,554
lagged_debt,-.0104652121663094,1.08452546596527,742,189,553
lagged_debt,-.0104317562654614,1.08453178405762,742,191,551
lagged_debt,-.0104317087680101,1.08453178405762,742,192,550
lagged_debt,-.0103027494624257,1.08456337451935,742,193,549
lagged_debt,-.0102760763838887,1.08456921577454,742,194,548
lagged_debt,-.0101036475971341,1.08461117744446,742,195,547
lagged_debt,-.0100519582629204,1.08462405204773,742,195,547
lagged_debt,-.0100020812824368,1.08463668823242,742,197,545
lagged_debt,-.0099707171320915,1.08464395999908,742,198,544
lagged_debt,-.009948861785233,1.08465087413788,742,199,543
lagged_debt,-.0099436631426215,1.08465254306793,742,200,542
lagged_debt,-.0097665768116713,1.08470869064331,742,200,542
lagged_debt,-.009740456007421,1.08471620082855,742,202,540
lagged_debt,-.0097355553880334,1.08471763134003,742,202,540
lagged_debt,-.0097226621583104,1.084721326828,742,204,538
lagged_debt,-.0095719741657376,1.08475923538208,742,205,537
lagged_debt,-.0095067294314504,1.08477509021759,742,205,537
lagged_debt,-.0093544004485011,1.08481311798096,742,207,535
lagged_debt,-.0092446459457278,1.08483970165253,742,208,534
lagged_debt,-.0091842701658607,1.08485472202301,742,208,534
lagged_debt,-.0091466037556529,1.08486425876617,742,210,532
lagged_debt,-.0087439203634858,1.08496809005737,742,211,531
lagged_debt,-.0087283328175545,1.08497202396393,742,211,531
lagged_debt,-.0086886696517467,1.08498227596283,742,213,529
lagged_debt,-.00866758543998,1.08498764038086,742,214,528
lagged_debt,-.0086068399250507,1.08500385284424,742,215,527
lagged_debt,-.008487562648952,1.08504629135132,742,216,526
lagged_debt,-.0082789892330766,1.08511781692505,742,216,526
lagged_debt,-.0081669203937054,1.08515596389771,742,217,525
lagged_debt,-.008141771890223,1.08516526222229,742,219,523
lagged_debt,-.0079931803047657,1.08521962165833,742,220,522
lagged_debt,-.0078719574958086,1.08526134490967,742,221,521
lagged_debt,-.0078661115840077,1.08526337146759,742,222,520
lagged_debt,-.0077618970535696,1.08529531955719,742,222,520
lagged_debt,-.0076998420991004,1.08531498908997,742,223,519
lagged_debt,-.0076086116023362,1.08534562587738,742,224,518
lagged_debt,-.007584894541651,1.0853533744812,742,226,516
lagged_debt,-.0074418112635612,1.08539962768555,742,227,515
lagged_debt,-.0074317865073681,1.08540284633636,742,227,515
lagged_debt,-.0074234111234546,1.08540570735931,742,228,514
lagged_debt,-.0073200860060751,1.08544087409973,742,230,512
lagged_debt,-.0072309854440391,1.08547079563141,742,231,511
lagged_debt,-.0071863112971187,1.08548545837402,742,231,511
lagged_debt,-.0069691813550889,1.08555519580841,742,233,509
lagged_debt,-.0069597186520696,1.08555817604065,742,233,509
lagged_debt,-.0069531546905637,1.08556020259857,742,234,508
lagged_debt,-.006914434954524,1.0855724811554,742,236,506
lagged_debt,-.006911781616509,1.08557331562042,742,236,506
lagged_debt,-.0068401172757149,1.08559632301331,742,237,505
lagged_debt,-.0067864726297557,1.08561396598816,742,239,503
lagged_debt,-.0067681716755033,1.08561980724335,742,239,503
lagged_debt,-.0067257275804877,1.08563363552094,742,241,501
lagged_debt,-.0067234504967928,1.08563446998596,742,241,501
lagged_debt,-.0067177237942815,1.08563637733459,742,242,500
lagged_debt,-.006676388438791,1.08564984798431,742,244,498
lagged_debt,-.0065718004480004,1.08568406105042,742,245,497
lagged_debt,-.0064374390058219,1.08572685718536,742,246,496
lagged_debt,-.0064352191984653,1.0857275724411,742,247,495
lagged_debt,-.0063378792256117,1.08575761318207,742,247,495
lagged_debt,-.0062839407473803,1.08577382564545,742,248,494
lagged_debt,-.0062768100760877,1.08577597141266,742,250,492
lagged_debt,-.0062648742459714,1.08577954769135,742,251,491
lagged_debt,-.0062584332190454,1.08578133583069,742,252,490
lagged_debt,-.0061760791577399,1.08580315113068,742,252,490
lagged_debt,-.0061758048832417,1.08580315113068,742,253,489
lagged_debt,-.0060175494290888,1.0858439207077,742,255,487
lagged_debt,-.0058579090982676,1.08588373661041,742,255,487
lagged_debt,-.005783561617136,1.08590233325958,742,257,485
lagged_debt,-.0057475124485791,1.08591139316559,742,257,485
lagged_debt,-.0057005351409316,1.08592331409454,742,259,483
lagged_debt,-.0055126282386482,1.08597052097321,742,259,483
lagged_debt,-.0054768826812506,1.08597946166992,742,260,482
lagged_debt,-.0052546258084476,1.08603477478027,742,261,481
lagged_debt,-.0052523105405271,1.08603537082672,742,263,479
lagged_debt,-.0052465219050646,1.0860368013382,742,263,479
lagged_debt,-.0051677376031876,1.08605575561523,742,264,478
lagged_debt,-.0051279063336551,1.08606517314911,742,266,476
lagged_debt,-.0051088337786496,1.08606970310211,742,266,476
lagged_debt,-.0049618287011981,1.08610367774963,742,268,474
lagged_debt,-.0046496707946062,1.08617508411407,742,269,473
lagged_debt,-.0045413407497108,1.08619916439056,742,269,473
lagged_debt,-.0045381826348603,1.0861998796463,742,270,472
lagged_debt,-.0044208574108779,1.08622586727142,742,272,470
lagged_debt,-.0043757455423474,1.08623588085175,742,273,469
lagged_debt,-.0043472140096128,1.08624219894409,742,273,469
lagged_debt,-.0041812905110419,1.08627939224243,742,274,468
lagged_debt,-.0040960400365293,1.08629870414734,742,276,466
lagged_debt,-.0040267929434776,1.08631432056427,742,277,465
lagged_debt,-.0039576808921993,1.0863299369812,742,277,465
lagged_debt,-.0039202393963933,1.08633840084076,742,278,464
lagged_debt,-.0038899127393961,1.08634519577026,742,279,463
lagged_debt,-.0038427310064435,1.08635580539703,742,281,461
lagged_debt,-.0038294352125376,1.08635878562927,742,282,460
lagged_debt,-.0038099172525108,1.0863630771637,742,282,460
lagged_debt,-.003685605712235,1.08639085292816,742,283,459
lagged_debt,-.0036553991958499,1.08639752864838,742,284,458
lagged_debt,-.0035654380917549,1.08641767501831,742,286,456
lagged_debt,-.0035318171139807,1.08642506599426,742,286,456
lagged_debt,-.0035125880967826,1.08642935752869,742,287,455
lagged_debt,-.0034706580918282,1.08643877506256,742,289,453
lagged_debt,-.0034627576824278,1.08644068241119,742,289,453
lagged_debt,-.0033637410961092,1.08646309375763,742,290,452
lagged_debt,-.0033098238054663,1.08647537231445,742,291,451
lagged_debt,-.00330745941028,1.08647584915161,742,292,450
lagged_debt,-.0033057907130569,1.08647620677948,742,294,448
lagged_debt,-.0031908382661641,1.08650243282318,742,294,448
lagged_debt,-.003106145421043,1.08652174472809,742,296,446
lagged_debt,-.0030227415263653,1.08654069900513,742,296,446
lagged_debt,-.0029097460210323,1.08656656742096,742,298,444
lagged_debt,-.002868267474696,1.08657610416412,742,299,443
lagged_debt,-.00277812872082,1.08659684658051,742,299,443
lagged_debt,-.0024790689349174,1.08666706085205,742,301,441
lagged_debt,-.0024735296610743,1.08666837215424,742,301,441
lagged_debt,-.0024133897386491,1.08668255805969,742,303,439
lagged_debt,-.0023459950461984,1.0866984128952,742,303,439
lagged_debt,-.0023179766722023,1.08670508861542,742,305,437
lagged_debt,-.0020327924285084,1.08677279949188,742,306,436
lagged_debt,-.0020219825673848,1.08677542209625,742,307,435
lagged_debt,-.0020089372992516,1.08677852153778,742,307,435
lagged_debt,-.0019207037985325,1.08679962158203,742,308,434
lagged_debt,-.0018480436410755,1.08681690692902,742,309,433
lagged_debt,-.0017243366455659,1.08684635162354,742,311,431
lagged_debt,-.001710960525088,1.08684945106506,742,312,430
lagged_debt,-.001654329826124,1.08686292171478,742,313,429
lagged_debt,-.001445441856049,1.08691239356995,742,314,428
lagged_debt,-.001324707060121,1.08694076538086,742,314,428
lagged_debt,-.001292028115131,1.08694839477539,742,315,427
lagged_debt,-.0012504932237789,1.08695816993713,742,317,425
lagged_debt,-.0011284811189398,1.08698666095734,742,318,424
lagged_debt,-.0010942068183795,1.08699464797974,742,318,424
lagged_debt,-.0010862337658182,1.08699655532837,742,319,423
lagged_debt,-.001039030496031,1.08700752258301,742,321,421
lagged_debt,-.0009728926816024,1.08702301979065,742,321,421
lagged_debt,-.0008462248370051,1.08705246448517,742,323,419
lagged_debt,-.0007218337850645,1.08708131313324,742,324,418
lagged_debt,-.0005322062643245,1.08712530136108,742,324,418
lagged_debt,-.0004810154787265,1.08713722229004,742,325,417
lagged_debt,-.0004415857547428,1.08714640140533,742,327,415
lagged_debt,-.0004296902334318,1.08714914321899,742,327,415
lagged_debt,-.0002324695233256,1.08719491958618,742,328,414
lagged_debt,-.0001938944187714,1.08720397949219,742,329,413
lagged_debt,-.0001742183667375,1.08720850944519,742,330,412
lagged_debt,-4.41085558123000e-06,1.08724820613861,742,331,411
lagged_debt,.0000315179022436,1.08725655078888,742,332,410
lagged_debt,.0000598499646003,1.08726322650909,742,334,408
lagged_debt,.0000748546372051,1.08726668357849,742,334,408
lagged_debt,.0001614861394046,1.08728682994843,742,336,406
lagged_debt,.0002468899183441,1.08730673789978,742,337,405
lagged_debt,.0002515832311474,1.08730781078339,742,338,404
lagged_debt,.0002879367093556,1.08731627464294,742,339,403
lagged_debt,.0003171811404172,1.08732306957245,742,339,403
lagged_debt,.0005835262127221,1.08738505840302,742,341,401
lagged_debt,.000682090758346,1.08740794658661,742,341,401
lagged_debt,.0007666088058613,1.08742773532867,742,342,400
lagged_debt,.0007697208784521,1.08742845058441,742,344,398
lagged_debt,.0009404778829776,1.08746838569641,742,345,397
lagged_debt,.0009587468812242,1.08747279644012,742,345,397
lagged_debt,.0009854728123173,1.08747911453247,742,346,396
lagged_debt,.0010008703684434,1.08748269081116,742,347,395
lagged_debt,.0010065209353343,1.08748400211334,742,349,393
lagged_debt,.0010428903624415,1.0874924659729,742,349,393
lagged_debt,.0010581775568426,1.0874959230423,742,351,391
lagged_debt,.0010772258974612,1.08750033378601,742,352,390
lagged_debt,.0011254901764914,1.08751142024994,742,352,390
lagged_debt,.0013277450343594,1.08755731582642,742,354,388
lagged_debt,.0015520676970482,1.08760797977448,742,355,387
lagged_debt,.0015543292975053,1.08760845661163,742,355,387
lagged_debt,.0016090453136712,1.08762049674988,742,356,386
lagged_debt,.0016299223061651,1.08762502670288,742,358,384
lagged_debt,.001635227818042,1.08762609958649,742,358,384
lagged_debt,.0019087484106421,1.08768093585968,742,359,383
lagged_debt,.0019159372895956,1.08768236637115,742,360,382
lagged_debt,.0020687165670097,1.08771145343781,742,362,380
lagged_debt,.0023430082947016,1.08776223659515,742,363,379
lagged_debt,.0024198219180107,1.08777606487274,742,363,379
lagged_debt,.002425565617159,1.08777713775635,742,364,378
lagged_debt,.0025227181613445,1.08779430389404,742,365,377
lagged_debt,.0026764038484544,1.0878210067749,742,367,375
lagged_debt,.0026822600048035,1.08782196044922,742,367,375
lagged_debt,.0027320652734488,1.08783066272736,742,368,374
lagged_debt,.0028089450206608,1.08784437179565,742,370,372
lagged_debt,.0029387078247964,1.08786725997925,742,370,372
lagged_debt,.0029899950604886,1.08787608146667,742,372,370
lagged_debt,.0029939478263259,1.08787679672241,742,373,369
lagged_debt,.003028804436326,1.0878826379776,742,373,369
lagged_debt,.0030822795815766,1.08789205551147,742,375,367
lagged_debt,.0032192573416978,1.08791542053223,742,375,367
lagged_debt,.0033063243608922,1.08793020248413,742,377,365
lagged_debt,.0034043779596686,1.08794689178467,742,377,365
lagged_debt,.0034469850361347,1.08795428276062,742,378,364
lagged_debt,.0036394591443241,1.08798515796661,742,380,362
lagged_debt,.0036594634875655,1.08798825740814,742,380,362
lagged_debt,.003735515056178,1.08799946308136,742,382,360
lagged_debt,.0037623781245202,1.08800339698792,742,383,359
lagged_debt,.0038222318980843,1.08801186084747,742,384,358
lagged_debt,.0038536875508726,1.08801603317261,742,385,357
lagged_debt,.0039415778592229,1.08802795410156,742,386,356
lagged_debt,.0039783515967429,1.08803284168243,742,387,355
lagged_debt,.004006780218333,1.0880366563797,742,387,355
lagged_debt,.0044996407814324,1.088099360466,742,389,353
lagged_debt,.0047145755961537,1.08812344074249,742,389,353
lagged_debt,.0047163423150778,1.08812367916107,742,391,351
lagged_debt,.0048862411640584,1.08814370632172,742,391,351
lagged_debt,.0053604221902788,1.08819675445557,742,393,349
lagged_debt,.0053814961574972,1.08819890022278,742,394,348
lagged_debt,.0055120377801359,1.08821213245392,742,395,347
lagged_debt,.005555956158787,1.08821606636047,742,395,347
lagged_debt,.0059300409629941,1.08825099468231,742,397,345
lagged_debt,.0059533342719078,1.08825218677521,742,397,345
lagged_debt,.0060557597316802,1.08825540542603,742,399,343
lagged_debt,.0060810120776296,1.0882556438446,742,400,342
lagged_debt,.0061929053626955,1.08825623989105,742,401,341
lagged_debt,.0062753963284194,1.0882568359375,742,401,341
lagged_debt,.0064537120051682,1.08825874328613,742,403,339
lagged_debt,.0065020890906453,1.08825862407684,742,403,339
lagged_debt,.0067070382647216,1.08826124668121,742,404,338
lagged_debt,.0067602787166834,1.0882613658905,742,406,336
lagged_debt,.0068739107809961,1.08826160430908,742,407,335
lagged_debt,.0069392048753798,1.08826184272766,742,407,335
lagged_debt,.0069407620467246,1.08826184272766,742,409,333
lagged_debt,.0069564078003168,1.08826124668121,742,409,333
lagged_debt,.007075471803546,1.08825635910034,742,411,331
lagged_debt,.0070905899628997,1.08825576305389,742,412,330
lagged_debt,.0073433853685856,1.08824706077576,742,413,329
lagged_debt,.007373383268714,1.08824515342712,742,414,328
lagged_debt,.0074914367869496,1.0882420539856,742,414,328
lagged_debt,.0075589017942548,1.08824098110199,742,416,326
lagged_debt,.0076388018205762,1.08823943138123,742,417,325
lagged_debt,.0077316435053945,1.08823704719543,742,418,324
lagged_debt,.0077648325823247,1.08823680877686,742,418,324
lagged_debt,.0078198406845331,1.0882351398468,742,419,323
lagged_debt,.0078372592106462,1.08823454380035,742,421,321
lagged_debt,.0080441702157259,1.08822512626648,742,422,320
lagged_debt,.008211868815124,1.08821582794189,742,422,320
lagged_debt,.0082230446860194,1.08821511268616,742,423,319
lagged_debt,.0083030564710498,1.08821070194244,742,425,317
lagged_debt,.0083174388855696,1.08820998668671,742,426,316
lagged_debt,.008485235273838,1.08820140361786,742,426,316
lagged_debt,.008693516254425,1.08818900585175,742,427,315
lagged_debt,.0089046387001872,1.08817827701569,742,428,314
lagged_debt,.0089386627078056,1.08817684650421,742,429,313
lagged_debt,.008961932733655,1.08817565441132,742,431,311
lagged_debt,.0090695340186357,1.08817160129547,742,431,311
lagged_debt,.009164116345346,1.08816719055176,742,433,309
lagged_debt,.0094114989042282,1.0881541967392,742,433,309
lagged_debt,.0094355698674917,1.08815121650696,742,434,308
lagged_debt,.009538316167891,1.08813643455505,742,435,307
lagged_debt,.0095696672797203,1.08813226222992,742,436,306
lagged_debt,.0097517250105739,1.08810758590698,742,438,304
lagged_debt,.0100096762180328,1.08807122707367,742,438,304
lagged_debt,.0100332228466868,1.08806800842285,742,439,303
lagged_debt,.0100867645815015,1.08806169033051,742,441,301
lagged_debt,.0101102842018008,1.08805811405182,742,441,301
lagged_debt,.0101133920252323,1.08805775642395,742,442,300
lagged_debt,.0103155635297298,1.08804547786713,742,443,299
lagged_debt,.0103497160598636,1.08804333209991,742,445,297
lagged_debt,.0104402173310518,1.08803927898407,742,445,297
lagged_debt,.0104436045512557,1.08803915977478,742,446,296
lagged_debt,.0104765687137842,1.08803808689117,742,447,295
lagged_debt,.0105259250849485,1.08803617954254,742,448,294
lagged_debt,.0106774708256125,1.08803069591522,742,449,293
lagged_debt,.0108719319105148,1.0880229473114,742,450,292
lagged_debt,.0108725484460592,1.08802282810211,742,451,291
lagged_debt,.0110121974721551,1.08801901340485,742,453,289
lagged_debt,.0111309178173542,1.08801734447479,742,453,289
lagged_debt,.0112057281658053,1.08801734447479,742,454,288
lagged_debt,.0112420739606023,1.08801770210266,742,456,286
lagged_debt,.011268931441009,1.08801853656769,742,456,286
lagged_debt,.0112707857042551,1.08801865577698,742,457,285
lagged_debt,.0114956153556705,1.0880274772644,742,459,283
lagged_debt,.0116390166804194,1.08803522586823,742,459,283
lagged_debt,.011840189807117,1.08805048465729,742,461,281
lagged_debt,.0118513079360127,1.08805131912231,742,461,281
lagged_debt,.0118897072970867,1.08805525302887,742,462,280
lagged_debt,.0119485426694155,1.08806133270264,742,464,278
lagged_debt,.0119987009093165,1.08806681632996,742,464,278
lagged_debt,.0120299197733402,1.08807015419006,742,465,277
lagged_debt,.0121235344558954,1.08808159828186,742,466,276
lagged_debt,.0121492622420192,1.08808493614197,742,468,274
lagged_debt,.0121624674648046,1.08808696269989,742,468,274
lagged_debt,.0122214732691646,1.08809649944305,742,470,272
lagged_debt,.0122430268675089,1.08810007572174,742,471,271
lagged_debt,.0125582870095968,1.08815395832062,742,471,271
lagged_debt,.0127286454662681,1.0881804227829,742,473,269
lagged_debt,.0128162866458297,1.08819341659546,742,474,268
lagged_debt,.0129625601693988,1.08821535110474,742,475,267
lagged_debt,.0129743283614516,1.08821702003479,742,475,267
lagged_debt,.01303153578192,1.08822536468506,742,477,265
lagged_debt,.0131003959104419,1.08823502063751,742,478,264
lagged_debt,.0131064411252737,1.08823549747467,742,478,264
lagged_debt,.0131286289542913,1.08823728561401,742,479,263
lagged_debt,.0131587944924831,1.08824002742767,742,480,262
lagged_debt,.0133130289614201,1.08825898170471,742,482,260
lagged_debt,.013453415594995,1.08827459812164,742,482,260
lagged_debt,.0135762374848127,1.08828449249268,742,483,259
lagged_debt,.0137430047616363,1.0883013010025,742,485,257
lagged_debt,.0138074234127998,1.0883092880249,742,485,257
lagged_debt,.0140755902975798,1.08834743499756,742,487,255
lagged_debt,.0141604170203209,1.08835887908936,742,488,254
lagged_debt,.0142157636582851,1.08836710453033,742,488,254
lagged_debt,.0142315030097961,1.08836853504181,742,489,253
lagged_debt,.0143444128334522,1.08837914466858,742,490,252
lagged_debt,.0144120529294014,1.08838522434235,742,492,250
lagged_debt,.0145277315750718,1.08839571475983,742,492,250
lagged_debt,.0148910460993648,1.08842599391937,742,494,248
lagged_debt,.0149172395467758,1.08842849731445,742,494,248
lagged_debt,.0151311811059713,1.08845257759094,742,495,247
lagged_debt,.0151369338855147,1.08845341205597,742,496,246
lagged_debt,.0151630789041519,1.08845746517181,742,497,245
lagged_debt,.0152520881965756,1.08847141265869,742,498,244
lagged_debt,.0158436540514231,1.0885648727417,742,500,242
lagged_debt,.0158600322902203,1.08856737613678,742,501,241
lagged_debt,.0158804301172495,1.0885694026947,742,502,240
lagged_debt,.0159485638141632,1.08857703208923,742,502,240
lagged_debt,.0159972980618477,1.08858323097229,742,504,238
lagged_debt,.0160504095256329,1.08858942985535,742,505,237
lagged_debt,.0161346178501844,1.08859872817993,742,505,237
lagged_debt,.0163434185087681,1.0886242389679,742,507,235
lagged_debt,.0163909215480089,1.08863067626953,742,507,235
lagged_debt,.0164363365620375,1.08863520622253,742,509,233
lagged_debt,.0164989810436964,1.08864223957062,742,509,233
lagged_debt,.0168666001409292,1.08868312835693,742,510,232
lagged_debt,.0169038064777851,1.08868753910065,742,511,231
lagged_debt,.0170599743723869,1.08870720863342,742,512,230
lagged_debt,.0170926507562399,1.08870041370392,742,514,228
lagged_debt,.0174114760011435,1.08864009380341,742,515,227
lagged_debt,.0174173582345247,1.08863890171051,742,515,227
lagged_debt,.0174304600805044,1.08863592147827,742,516,226
lagged_debt,.0175829622894526,1.0886082649231,742,518,224
lagged_debt,.0176174826920033,1.0886013507843,742,519,223
lagged_debt,.0179793536663055,1.08852517604828,742,519,223
lagged_debt,.0182193908840418,1.08847212791443,742,521,221
lagged_debt,.0182264968752861,1.08847057819366,742,521,221
lagged_debt,.0183192119002342,1.08844923973083,742,522,220
lagged_debt,.0183540247380733,1.08844125270844,742,523,219
lagged_debt,.0184551514685154,1.08841478824615,742,525,217
lagged_debt,.0184644125401974,1.08841252326965,742,526,216
lagged_debt,.0185389947146177,1.08839416503906,742,526,216
lagged_debt,.0187050942331553,1.08835208415985,742,528,214
lagged_debt,.0190162118524313,1.08827221393585,742,529,213
lagged_debt,.0191472675651312,1.08823704719543,742,530,212
lagged_debt,.0192002840340137,1.08822274208069,742,530,212
lagged_debt,.0192828774452209,1.08819985389709,742,531,211
lagged_debt,.0193086694926023,1.08819282054901,742,532,210
lagged_debt,.019510867074132,1.08814096450806,742,534,208
lagged_debt,.0195394475013018,1.08813321590424,742,535,207
lagged_debt,.0196155030280352,1.08811140060425,742,536,206
lagged_debt,.0196515917778015,1.08810114860535,742,536,206
lagged_debt,.0196791235357523,1.0880936384201,742,538,204
lagged_debt,.0197497587651014,1.08807170391083,742,538,204
lagged_debt,.0198594946414232,1.08803522586823,742,539,203
lagged_debt,.0198984611779451,1.08802318572998,742,540,202
lagged_debt,.0199839882552624,1.08799564838409,742,542,200
lagged_debt,.0199948791414499,1.08799207210541,742,542,200
lagged_debt,.0200205538421869,1.08798336982727,742,543,199
lagged_debt,.0204475354403257,1.08783185482025,742,544,198
lagged_debt,.0208488460630178,1.08769154548645,742,545,197
lagged_debt,.0208725705742836,1.08768343925476,742,547,195
lagged_debt,.0208836421370506,1.08767950534821,742,547,195
lagged_debt,.0209412667900324,1.08766043186188,742,549,193
lagged_debt,.02106480486691,1.08761596679688,742,550,192
lagged_debt,.021104296669364,1.08760285377502,742,551,191
lagged_debt,.0211670286953449,1.08758211135864,742,551,191
lagged_debt,.0213707685470581,1.08751499652863,742,552,190
lagged_debt,.0214408226311207,1.08749198913574,742,554,188
lagged_debt,.0214566942304373,1.08748686313629,742,555,187
lagged_debt,.021538183093071,1.08745980262756,742,556,186
lagged_debt,.0217056777328253,1.08740556240082,742,557,185
lagged_debt,.0217085424810648,1.0874046087265,742,558,184
lagged_debt,.0219456180930138,1.08732092380524,742,559,183
lagged_debt,.0221727881580591,1.08724355697632,742,559,183
lagged_debt,.0222679432481527,1.08720648288727,742,560,182
lagged_debt,.0222847033292055,1.08719980716705,742,561,181
lagged_debt,.0222921464592218,1.08719682693481,742,562,180
lagged_debt,.0224249623715878,1.08714473247528,742,564,178
lagged_debt,.0225039720535278,1.08710956573486,742,564,178
lagged_debt,.0225676279515028,1.08708155155182,742,566,176
lagged_debt,.0229137670248747,1.0869232416153,742,567,175
lagged_debt,.0230415798723698,1.08686459064484,742,568,174
lagged_debt,.0230765696614981,1.08684861660004,742,569,173
lagged_debt,.0230882242321968,1.08684325218201,742,569,173
lagged_debt,.0232988763600588,1.08674430847168,742,571,171
lagged_debt,.0233429558575153,1.0867235660553,742,571,171
lagged_debt,.0234760195016861,1.0866596698761,742,573,169
lagged_debt,.0238861422985792,1.08646750450134,742,573,169
lagged_debt,.0239843335002661,1.08642256259918,742,575,167
lagged_debt,.024082263931632,1.08637547492981,742,575,167
lagged_debt,.0247852616012096,1.08602595329285,742,576,166
lagged_debt,.0249010007828474,1.08596897125244,742,577,165
lagged_debt,.0249547641724348,1.0859409570694,742,578,164
lagged_debt,.0252871923148632,1.08576548099518,742,579,163
lagged_debt,.025473739951849,1.08566725254059,742,581,161
lagged_debt,.0256223250180483,1.08558130264282,742,582,160
lagged_debt,.0256444327533245,1.08556795120239,742,582,160
lagged_debt,.0262332633137703,1.0851856470108,742,584,158
lagged_debt,.0263156890869141,1.08513402938843,742,585,157
lagged_debt,.0263805706053972,1.08509242534637,742,585,157
lagged_debt,.0265593640506268,1.08497774600983,742,587,155
lagged_debt,.027506535872817,1.08437716960907,742,587,155
lagged_debt,.0275706592947245,1.08433771133423,742,589,153
lagged_debt,.0277047138661146,1.0842559337616,742,589,153
lagged_debt,.0277210958302021,1.08424592018127,742,590,152
lagged_debt,.0278451275080442,1.0841737985611,742,591,151
lagged_debt,.0278819128870964,1.08415198326111,742,592,150
lagged_debt,.0279927086085081,1.08408951759338,742,593,149
lagged_debt,.0280010905116796,1.08408451080322,742,594,148
lagged_debt,.0280281286686659,1.08406782150269,742,596,146
lagged_debt,.028395052999258,1.08384656906128,742,596,146
lagged_debt,.0290680453181267,1.08345925807953,742,598,144
lagged_debt,.0291717983782291,1.08340072631836,742,598,144
lagged_debt,.0292579755187035,1.08335483074188,742,600,142
lagged_debt,.0292988382279873,1.08332943916321,742,601,141
lagged_debt,.0300209708511829,1.08286559581757,742,601,141
lagged_debt,.0305543728172779,1.08253240585327,742,602,140
lagged_debt,.0309589095413685,1.0823005437851,742,604,138
lagged_debt,.0309680849313736,1.08229529857635,742,605,137
lagged_debt,.0310721807181835,1.08223176002502,742,605,137
lagged_debt,.0312116798013449,1.08214402198792,742,607,135
lagged_debt,.0313220508396626,1.08206903934479,742,608,134
lagged_debt,.0316900946199894,1.08182370662689,742,609,133
lagged_debt,.0319890566170216,1.08161950111389,742,610,132
lagged_debt,.0321712829172611,1.08149993419647,742,610,132
lagged_debt,.0330471210181713,1.08092200756073,742,611,131
lagged_debt,.0330506004393101,1.08091962337494,742,613,129
lagged_debt,.0336574763059616,1.08053970336914,742,613,129
lagged_debt,.0337107069790363,1.08050751686096,742,614,128
lagged_debt,.0340756066143513,1.08028995990753,742,616,126
lagged_debt,.0342598631978035,1.08018088340759,742,617,125
lagged_debt,.0352612994611263,1.07962489128113,742,617,125
lagged_debt,.0354064330458641,1.07955014705658,742,618,124
lagged_debt,.0354320220649242,1.07953691482544,742,619,123
lagged_debt,.0359268598258495,1.07926380634308,742,620,122
lagged_debt,.0361662916839123,1.07913219928741,742,622,120
lagged_debt,.0364126265048981,1.07899475097656,742,623,119
lagged_debt,.0366755351424217,1.07884693145752,742,623,119
lagged_debt,.0372766815125942,1.07848608493805,742,624,118
lagged_debt,.037797249853611,1.07816803455353,742,626,116
lagged_debt,.0379274524748325,1.07809638977051,742,626,116
lagged_debt,.0379641428589821,1.07807505130768,742,628,114
lagged_debt,.0382045358419418,1.07793247699738,742,628,114
lagged_debt,.0383907966315746,1.07781720161438,742,629,113
lagged_debt,.0403615646064281,1.07671022415161,742,630,112
lagged_debt,.0412785336375237,1.07621991634369,742,632,110
lagged_debt,.0416161306202412,1.07604312896729,742,633,109
lagged_debt,.0418925248086452,1.07588601112366,742,633,109
lagged_debt,.041993647813797,1.07582998275757,742,635,107
lagged_debt,.0421944037079811,1.07573771476746,742,635,107
lagged_debt,.0424411743879318,1.07564437389374,742,636,106
lagged_debt,.0428517498075962,1.07548260688782,742,637,105
lagged_debt,.0428573749959469,1.07548034191132,742,639,103
lagged_debt,.0429766736924648,1.07543015480042,742,639,103
lagged_debt,.0430421158671379,1.07540452480316,742,640,102
lagged_debt,.0431970655918121,1.07534301280975,742,641,101
lagged_debt,.043229129165411,1.0753288269043,742,643,99
lagged_debt,.0432662032544613,1.07531046867371,742,644,98
lagged_debt,.0433367304503918,1.07527184486389,742,645,97
lagged_debt,.0433877967298031,1.07524466514587,742,646,96
lagged_debt,.043755441904068,1.07496988773346,742,647,95
lagged_debt,.0438838116824627,1.07486748695374,742,648,94
lagged_debt,.0443328097462654,1.07450127601624,742,648,94
lagged_debt,.04518923163414,1.07380723953247,742,649,93
lagged_debt,.0453945882618427,1.07363748550415,742,650,92
lagged_debt,.0455301478505135,1.07351648807526,742,652,90
lagged_debt,.0456318259239197,1.07342994213104,742,653,89
lagged_debt,.0457235835492611,1.07334780693054,742,654,88
lagged_debt,.0463001988828182,1.07291162014008,742,654,88
lagged_debt,.0464471951127052,1.07280111312866,742,655,87
lagged_debt,.0465926751494408,1.07266998291016,742,657,85
lagged_debt,.046990629285574,1.07232439517975,742,658,84
lagged_debt,.0475217029452324,1.07186269760132,742,659,83
lagged_debt,.0480464287102222,1.07138407230377,742,659,83
lagged_debt,.0484477132558823,1.07111704349518,742,661,81
lagged_debt,.0495540276169777,1.07037782669067,742,662,80
lagged_debt,.049711175262928,1.07028341293335,742,662,80
lagged_debt,.0504913926124573,1.06980669498444,742,664,78
lagged_debt,.0505076944828033,1.06979596614838,742,664,78
lagged_debt,.0505618117749691,1.06975960731506,742,666,76
lagged_debt,.0517856478691101,1.06893646717072,742,666,76
lagged_debt,.0523370690643787,1.06862044334412,742,667,75
lagged_debt,.0523812174797058,1.06859743595123,742,668,74
lagged_debt,.0524814128875732,1.06854665279388,742,669,73
lagged_debt,.0526769794523716,1.06845939159393,742,671,71
lagged_debt,.0533260740339756,1.06819403171539,742,672,70
lagged_debt,.0539623647928238,1.0679886341095,742,673,69
lagged_debt,.0543416440486908,1.0678813457489,742,674,68
lagged_debt,.0544819347560406,1.0678471326828,742,675,67
lagged_debt,.0545663461089134,1.06782829761505,742,675,67
lagged_debt,.0555179119110107,1.06743097305298,742,676,66
lagged_debt,.0558854937553406,1.06735932826996,742,678,64
lagged_debt,.0562403947114944,1.06729447841644,742,678,64
lagged_debt,.0563290379941463,1.06727385520935,742,679,63
lagged_debt,.0564185306429863,1.06724989414215,742,681,61
lagged_debt,.0564291588962078,1.06724667549133,742,681,61
lagged_debt,.0573415905237198,1.06688904762268,742,683,59
lagged_debt,.0580044165253639,1.06665575504303,742,683,59
lagged_debt,.0583535172045231,1.06655216217041,742,685,57
lagged_debt,.0587059333920479,1.06645286083221,742,686,56
lagged_debt,.0593002811074257,1.06629741191864,742,687,55
lagged_debt,.0594386160373688,1.06631374359131,742,688,54
lagged_debt,.0601182915270329,1.06638240814209,742,689,53
lagged_debt,.0610688216984272,1.06647408008575,742,690,52
lagged_debt,.0635706856846809,1.06705236434937,742,690,52
lagged_debt,.0638649091124535,1.06713974475861,742,692,50
lagged_debt,.0654038414359093,1.0676736831665,742,693,49
lagged_debt,.066031850874424,1.06789100170135,742,694,48
lagged_debt,.0663567632436752,1.06799530982971,742,694,48
lagged_debt,.0689035579562187,1.06875991821289,742,695,47
lagged_debt,.0700291842222214,1.06952130794525,742,697,45
lagged_debt,.0700766742229462,1.0695538520813,742,698,44
lagged_debt,.0710343718528748,1.07016277313232,742,699,43
lagged_debt,.0712917000055313,1.07033288478851,742,699,43
lagged_debt,.0721276551485062,1.07087433338165,742,701,41
lagged_debt,.0734451189637184,1.07180261611938,742,701,41
lagged_debt,.0756526067852974,1.07350087165833,742,703,39
lagged_debt,.0762421116232872,1.07399415969849,742,704,38
lagged_debt,.0769120827317238,1.07457900047302,742,705,37
lagged_debt,.0771602541208267,1.07478380203247,742,705,37
lagged_debt,.0796062350273132,1.07678306102753,742,706,36
lagged_debt,.0809450820088387,1.0779219865799,742,708,34
lagged_debt,.0810926631093025,1.07804524898529,742,708,34
lagged_debt,.0828905254602432,1.07964694499969,742,709,33
lagged_debt,.0854950547218323,1.08119106292725,742,711,31
lagged_debt,.0856267288327217,1.08126437664032,742,711,31
lagged_debt,.0879691988229752,1.08241009712219,742,713,29
lagged_debt,.0926631987094879,1.08480429649353,742,713,29
lagged_debt,.0955047011375427,1.08626759052277,742,714,28
lagged_debt,.0965070798993111,1.08674335479736,742,716,26
lagged_debt,.103033423423767,1.09082686901093,742,717,25
lagged_debt,.103820644319058,1.09131133556366,742,718,24
lagged_debt,.105491071939468,1.09209620952606,742,719,23
lagged_debt,.106746852397919,1.09262597560883,742,720,22
lagged_debt,.107247240841389,1.09287214279175,742,721,21
lagged_debt,.107432551681995,1.09297037124634,742,722,20
lagged_debt,.111869722604752,1.09457814693451,742,723,19
lagged_debt,.112607680261135,1.09493732452393,742,724,18
lagged_debt,.12053357064724,1.09866535663605,742,725,17
lagged_debt,.123342700302601,1.09996235370636,742,726,16
lagged_debt,.153614223003388,1.12598526477814,742,727,15
lagged_debt,.154378771781921,1.12666618824005,742,728,14
lagged_debt,.162987753748894,1.13230931758881,742,728,14
lagged_debt,.175072222948074,1.13979947566986,742,729,13
lagged_debt,.178526028990745,1.14193177223206,742,730,12
lagged_debt,.184611424803734,1.14601492881775,742,731,11
lagged_debt,.194590300321579,1.1524749994278,742,733,9
lagged_debt,.197077229619026,1.15372824668884,742,734,8
lagged_debt,.198699846863747,1.15418124198914,742,734,8
lagged_debt,.206147208809853,1.15776777267456,742,736,6
lagged_debt,.20617663860321,1.15778255462646,742,736,6
lagged_debt,.206636145710945,1.15806269645691,742,737,5
lagged_debt,.207563921809196,1.1585453748703,742,739,3
lagged_debt,.208000853657723,1.15875256061554,742,740,2
lagged_debt,.214135900139809,1.16117835044861,742,741,1
