specification,replicate,status,failure_stage,failure_reason,cutoff,beta_L,beta_H,rss,N,countries,N_low,N_high
current_debt,1,success,,,-.0104774813064738,4.72608232498169,-.805171430110931,.876984775066376,638,41,146,492
current_debt,2,success,,,.0335040326875076,-.487359702587128,-.986815929412842,.942761838436127,780,51,325,455
current_debt,3,success,,,.006457554429363,.374537080526352,-2.0424325466156,1.03011131286621,819,56,339,480
current_debt,4,success,,,.0793495199462727,.963416039943695,-.183597445487976,1.53732109069824,794,50,685,109
current_debt,5,success,,,.186550498554147,.928435325622559,-.257329672574997,1.35436904430389,679,45,584,95
current_debt,6,success,,,-.08016234254811,-2.10215353965759,-2.32922863960266,.814748108386993,631,48,65,566
current_debt,7,success,,,.0375763089806236,1.24371480941772,-.491750806570053,1.21942138671875,838,53,638,200
current_debt,8,success,,,.0315981652533098,4.86279201507568,-1.14652836322784,.955430388450623,784,51,89,695
current_debt,9,success,,,-.0090464567534514,2.65487456321716,-4.25657939910889,.818556666374207,646,48,66,580
current_debt,10,success,,,-.0189791056041158,-.0613949187099934,-1.64770126342773,.900541007518768,668,48,117,551
current_debt,11,success,,,-.0669457876758576,2.0288028717041,-.719008386135101,1.03470468521118,735,49,109,626
current_debt,12,success,,,.0459699467669243,1.96655809879303,-.624230146408081,1.39686477184296,751,52,675,76
current_debt,13,success,,,.0231411132287344,1.35788357257843,-.52295994758606,1.26137626171112,760,49,681,79
current_debt,14,success,,,.0355439579539736,-.271149218082428,-.82106614112854,1.29557275772095,824,54,370,454
current_debt,15,success,,,.07123913773421,1.23226058483124,-.504904866218567,1.56166660785675,815,52,695,120
current_debt,16,success,,,.0580952594337848,2.44120502471924,-.960464775562286,1.10737442970276,745,54,629,116
current_debt,17,success,,,.0592769391177081,1.07007431983948,-.418274998664856,1.53678619861603,796,54,690,106
current_debt,18,success,,,.146109362614602,1.20222616195679,-.518296420574188,1.22560787200928,624,44,559,65
current_debt,19,success,,,-.0188563702229487,3.25325846672058,-1.24172103404999,1.51153802871704,784,52,79,705
current_debt,20,success,,,.103447905620642,1.33917200565338,-.479601830244064,1.56771206855774,806,56,713,93
current_debt,21,success,,,-.0346739065835424,3.77843141555786,-2.2345142364502,.929300129413605,840,56,85,755
current_debt,22,success,,,-.033912222665145,-.313050746917725,-1.26164424419403,.781592428684235,741,48,76,665
current_debt,23,success,,,-.0205202164076884,2.02545094490051,-1.05487179756165,1.06343162059784,674,50,605,69
current_debt,24,success,,,.0913998018667107,1.04358613491058,-.435240894556046,1.68475699424744,810,56,715,95
current_debt,25,success,,,-.0293348252150553,-.719553887844086,-.854912161827087,1.39561176300049,784,53,373,411
current_debt,26,success,,,-.015152688940362,-.456021130084991,-.872570276260376,1.01840078830719,775,53,80,695
current_debt,27,success,,,-.0366536926871669,.477732747793198,-1.54714274406433,1.01940274238586,745,49,398,347
current_debt,28,success,,,-.0306496142654853,15.3572235107422,-1.02886855602264,.902537822723389,875,54,117,758
current_debt,29,success,,,-.0076483544039463,-.348301261663437,-.783707141876221,.992891311645508,720,50,111,609
current_debt,30,success,,,.111770910019062,1.27419292926788,-.603355526924133,1.19469726085663,765,48,641,124
lagged_debt,1,success,,,-.0038714628681046,5.04757690429688,-.811981618404388,.867835223674774,633,41,174,459
lagged_debt,2,success,,,.0194186177073573,-.630112051963806,-1.23058450222015,.909195840358734,780,51,141,639
lagged_debt,3,success,,,-.0138271569846442,1.3141393661499,-3.53960371017456,.97252231836319,817,56,88,729
lagged_debt,4,success,,,.0942294982699398,1.49750697612762,-.154665127396584,1.37192094326019,788,50,699,89
lagged_debt,5,success,,,.205183312966896,1.44801867008209,-.177823945879936,1.2672872543335,677,45,601,76
lagged_debt,6,success,,,-.0395245144103387,-2.78762650489807,-1.58830165863037,.828701972961426,629,48,535,94
lagged_debt,7,success,,,.0810415843301545,1.62033188343048,-.478229373693466,1.15770065784454,834,53,749,85
lagged_debt,8,success,,,.0336388571132034,5.45939207077026,-1.02062368392944,.932464003562927,782,51,110,672
lagged_debt,9,success,,,.0072138307414706,5.9899845123291,-7.08189821243286,.766085088253021,644,48,290,354
lagged_debt,10,success,,,-.0135547438392384,1.46272778511047,-3.72635865211487,.805096685886383,668,48,153,515
lagged_debt,11,success,,,.0133945609068987,2.19161558151245,-.799997806549072,.968742609024048,733,49,659,74
lagged_debt,12,success,,,.0317395924647411,4.24307680130005,-1.36197376251221,1.27609670162201,750,52,675,75
lagged_debt,13,success,,,-.0121649335546769,3.33250904083252,-1.93928277492523,1.1379851102829,758,49,682,76
lagged_debt,14,success,,,.0965634224657787,2.02528524398804,-.746432363986969,1.24605488777161,821,54,737,84
lagged_debt,15,success,,,.0827947609359904,1.94686329364777,-.602662920951843,1.45895600318909,812,52,729,83
lagged_debt,16,success,,,.0607443078458749,4.33037710189819,-1.36866784095764,1.02216279506683,740,54,666,74
lagged_debt,17,success,,,.0544555304946877,2.1384129524231,-.624226808547974,1.41253471374512,795,54,715,80
lagged_debt,18,success,,,.136525767444886,2.25946855545044,-.93243807554245,1.13960468769073,623,44,560,63
lagged_debt,19,success,,,.0376202167835242,3.6292200088501,-1.6049565076828,1.38384592533112,781,52,701,80
lagged_debt,20,success,,,.103125831835992,2.2601010799408,-.677577078342438,1.41591262817383,804,56,723,81
lagged_debt,21,success,,,-.0327821743927595,-1.13537168502808,-3.20252585411072,.977804660797119,839,56,134,705
lagged_debt,22,success,,,-.031222738204125,.439766377210617,-1.94278740882874,.785272419452667,740,48,75,665
lagged_debt,23,success,,,-.0478224624939265,-2.88311338424683,1.41616320610046,1.07296204566956,674,50,471,203
lagged_debt,24,success,,,.0887181648624815,1.89605045318604,-.630987882614136,1.54416358470917,810,56,729,81
lagged_debt,25,success,,,.0185995030080041,2.72726583480835,-.991787374019623,1.31404793262482,784,53,705,79
lagged_debt,26,success,,,.0262117245719429,2.17459917068481,-.990829229354858,.979418158531189,772,53,447,325
lagged_debt,27,success,,,-.0324089683613832,2.56057357788086,-3.50198769569397,.995418727397919,743,49,460,283
lagged_debt,28,success,,,.0028460278038614,2.68199610710144,-1.04777836799622,.869645714759827,872,54,603,269
lagged_debt,29,success,,,-.0088887954589017,1.39413464069366,-1.35802888870239,.953284680843353,719,50,73,646
lagged_debt,30,success,,,.140504931492994,1.7159264087677,-.509898066520691,1.12107706069946,762,48,684,78
