theta,cutoff,branch,marginal_effect,se,ci_low,ci_high,critical
-.1123786843259776,-.0553900755177519,low,.0712561985647148,.1537497684541455,-.2303359620676686,.3728483591970981,1.961577982618755
-.1093467949926585,-.0553900755177519,low,.0674652495859771,.145570023541525,-.2180817035223721,.3530122026943263,1.961577982618755
-.1063149056593394,-.0553900755177519,low,.0636743006072394,.1373902786289044,-.2058274449770756,.3331760461915544,1.961577982618755
-.1032830163260203,-.0553900755177519,low,.0598833516285016,.1292105337162839,-.1935731864317791,.3133398896887824,1.961577982618755
-.1002511269927012,-.0553900755177519,low,.0560924026497639,.1210307888036634,-.1813189278864827,.2935037331860105,1.961577982618755
-.0972192376593821,-.0553900755177519,low,.0523014536710262,.1128510438910428,-.1690646693411862,.2736675766832386,1.961577982618755
-.094187348326063,-.0553900755177519,low,.0485105046922885,.1046712989784223,-.1568104107958898,.2538314201804667,1.961577982618755
-.0911554589927439,-.0553900755177519,low,.0447195557135508,.0964915540658018,-.1445561522505933,.2339952636776949,1.961577982618755
-.0881235696594248,-.0553900755177519,low,.040928606734813,.0883118091531813,-.1323018937052968,.2141591071749229,1.961577982618755
-.0850916803261057,-.0553900755177519,low,.0371376577560753,.0801320642405608,-.1200476351600004,.194322950672151,1.961577982618755
-.0820597909927866,-.0553900755177519,low,.0333467087773376,.0719523193279403,-.1077933766147039,.1744867941693791,1.961577982618755
-.0790279016594675,-.0553900755177519,low,.0295557597985999,.0637725744153197,-.0955391180694074,.1546506376666072,1.961577982618755
-.0759960123261484,-.0553900755177519,low,.0257648108198622,.0555928295026992,-.0832848595241109,.1348144811638352,1.961577982618755
-.0729641229928293,-.0553900755177519,low,.0219738618411244,.0474130845900787,-.0710306009788145,.1149783246610633,1.961577982618755
-.0699322336595102,-.0553900755177519,low,.0181829128623867,.0392333396774582,-.058776342433518,.0951421681582915,1.961577982618755
-.0669003443261911,-.0553900755177519,low,.014391963883649,.0310535947648377,-.0465220838882216,.0753060116555196,1.961577982618755
-.063868454992872,-.0553900755177519,low,.0106010149049113,.0228738498522171,-.0342678253429251,.0554698551527477,1.961577982618755
-.0608365656595529,-.0553900755177519,low,.0068100659261736,.0146941049395966,-.0220135667976286,.0356336986499757,1.961577982618755
-.0578046763262338,-.0553900755177519,low,.0030191169474358,.0065143600269761,-.0097593082523321,.0157975421472038,1.961577982618755
-.0553900755177519,-.0553900755177519,cutoff,0,0,0,0,1.961577982618755
-.0547727869929147,-.0553900755177519,high,-.0000674942824388,.0000210703834036,-.0001088254826085,-.000026163082269,1.961577982618755
-.0517408976595956,-.0553900755177519,high,-.0003990008417744,.0001245601910377,-.0006433353700248,-.0001546663135239,1.961577982618755
-.0487090083262765,-.0553900755177519,high,-.0007305074011099,.0002280499986719,-.001177845257441,-.0002831695447788,1.961577982618755
-.0456771189929574,-.0553900755177519,high,-.0010620139604455,.0003315398063061,-.0017123551448573,-.0004116727760337,1.961577982618755
-.0426452296596383,-.0553900755177519,high,-.0013935205197811,.0004350296139403,-.0022468650322736,-.0005401760072886,1.961577982618755
-.0396133403263192,-.0553900755177519,high,-.0017250270791167,.0005385194215745,-.0027813749196898,-.0006686792385436,1.961577982618755
-.0365814509930001,-.0553900755177519,high,-.0020565336384523,.0006420092292087,-.0033158848071061,-.0007971824697985,1.961577982618755
-.033549561659681,-.0553900755177519,high,-.0023880401977879,.0007454990368429,-.0038503946945224,-.0009256857010534,1.961577982618755
-.0305176723263619,-.0553900755177519,high,-.0027195467571234,.0008489888444771,-.0043849045819386,-.0010541889323083,1.961577982618755
-.0274857829930428,-.0553900755177519,high,-.003051053316459,.0009524786521113,-.0049194144693549,-.0011826921635632,1.961577982618755
-.0244538936597237,-.0553900755177519,high,-.0033825598757946,.0010559684597455,-.0054539243567711,-.0013111953948181,1.961577982618755
-.0214220043264046,-.0553900755177519,high,-.0037140664351302,.0011594582673796,-.0059884342441874,-.001439698626073,1.961577982618755
-.0183901149930854,-.0553900755177519,high,-.0040455729944658,.0012629480750138,-.0065229441316037,-.0015682018573279,1.961577982618755
-.0153582256597663,-.0553900755177519,high,-.0043770795538014,.001366437882648,-.0070574540190199,-.0016967050885828,1.961577982618755
-.0123263363264472,-.0553900755177519,high,-.004708586113137,.0014699276902822,-.0075919639064362,-.0018252083198377,1.961577982618755
-.0092944469931281,-.0553900755177519,high,-.0050400926724725,.0015734174979164,-.0081264737938524,-.0019537115510926,1.961577982618755
-.006262557659809,-.0553900755177519,high,-.0053715992318081,.0016769073055506,-.0086609836812687,-.0020822147823475,1.961577982618755
-.0032306683264899,-.0553900755177519,high,-.0057031057911437,.0017803971131848,-.009195493568685,-.0022107180136025,1.961577982618755
-.0001987789931708,-.0553900755177519,high,-.0060346123504793,.001883886920819,-.0097300034561012,-.0023392212448574,1.961577982618755
.0028331103401483,-.0553900755177519,high,-.0063661189098149,.0019873767284532,-.0102645133435175,-.0024677244761123,1.961577982618755
.0058649996734674,-.0553900755177519,high,-.0066976254691505,.0020908665360873,-.0107990232309338,-.0025962277073672,1.961577982618755
.0088968890067865,-.0553900755177519,high,-.0070291320284861,.0021943563437215,-.01133353311835,-.0027247309386221,1.961577982618755
.0119287783401056,-.0553900755177519,high,-.0073606385878216,.0022978461513557,-.0118680430057663,-.002853234169877,1.961577982618755
.0149606676734247,-.0553900755177519,high,-.0076921451471572,.0024013359589899,-.0124025528931825,-.0029817374011319,1.961577982618755
.0179925570067438,-.0553900755177519,high,-.0080236517064928,.0025048257666241,-.0129370627805988,-.0031102406323868,1.961577982618755
.0210244463400629,-.0553900755177519,high,-.0083551582658284,.0026083155742583,-.0134715726680151,-.0032387438636417,1.961577982618755
.024056335673382,-.0553900755177519,high,-.008686664825164,.0027118053818925,-.0140060825554313,-.0033672470948966,1.961577982618755
.0270882250067011,-.0553900755177519,high,-.0090181713844996,.0028152951895267,-.0145405924428476,-.0034957503261515,1.961577982618755
.0301201143400202,-.0553900755177519,high,-.0093496779438352,.0029187849971609,-.0150751023302638,-.0036242535574065,1.961577982618755
.0331520036733393,-.0553900755177519,high,-.0096811845031707,.0030222748047951,-.0156096122176801,-.0037527567886614,1.961577982618755
.0361838930066584,-.0553900755177519,high,-.0100126910625063,.0031257646124292,-.0161441221050964,-.0038812600199163,1.961577982618755
.0392157823399775,-.0553900755177519,high,-.0103441976218419,.0032292544200634,-.0166786319925126,-.0040097632511712,1.961577982618755
.0422476716732966,-.0553900755177519,high,-.0106757041811775,.0033327442276976,-.0172131418799289,-.0041382664824261,1.961577982618755
.0452795610066157,-.0553900755177519,high,-.0110072107405131,.0034362340353318,-.0177476517673452,-.004266769713681,1.961577982618755
.0483114503399348,-.0553900755177519,high,-.0113387172998487,.003539723842966,-.0182821616547614,-.0043952729449359,1.961577982618755
.0513433396732539,-.0553900755177519,high,-.0116702238591842,.0036432136506002,-.0188166715421777,-.0045237761761908,1.961577982618755
.054375229006573,-.0553900755177519,high,-.0120017304185198,.0037467034582344,-.0193511814295939,-.0046522794074457,1.961577982618755
.0574071183398921,-.0553900755177519,high,-.0123332369778554,.0038501932658686,-.0198856913170102,-.0047807826387006,1.961577982618755
.0604390076732112,-.0553900755177519,high,-.012664743537191,.0039536830735028,-.0204202012044265,-.0049092858699555,1.961577982618755
.0634708970065303,-.0553900755177519,high,-.0129962500965266,.0040571728811369,-.0209547110918427,-.0050377891012105,1.961577982618755
.0665027863398494,-.0553900755177519,high,-.0133277566558622,.0041606626887711,-.021489220979259,-.0051662923324654,1.961577982618755
.0695346756731685,-.0553900755177519,high,-.0136592632151978,.0042641524964053,-.0220237308666752,-.0052947955637203,1.961577982618755
.0725665650064876,-.0553900755177519,high,-.0139907697745333,.0043676423040395,-.0225582407540915,-.0054232987949752,1.961577982618755
.0755984543398067,-.0553900755177519,high,-.0143222763338689,.0044711321116737,-.0230927506415078,-.0055518020262301,1.961577982618755
.0786303436731259,-.0553900755177519,high,-.0146537828932045,.0045746219193079,-.023627260528924,-.005680305257485,1.961577982618755
.081662233006445,-.0553900755177519,high,-.0149852894525401,.0046781117269421,-.0241617704163403,-.0058088084887399,1.961577982618755
.0846941223397641,-.0553900755177519,high,-.0153167960118757,.0047816015345763,-.0246962803037566,-.0059373117199948,1.961577982618755
.0877260116730832,-.0553900755177519,high,-.0156483025712113,.0048850913422105,-.0252307901911728,-.0060658149512497,1.961577982618755
.0907579010064023,-.0553900755177519,high,-.0159798091305469,.0049885811498447,-.0257653000785891,-.0061943181825046,1.961577982618755
.0937897903397214,-.0553900755177519,high,-.0163113156898824,.0050920709574788,-.0262998099660053,-.0063228214137595,1.961577982618755
.0968216796730405,-.0553900755177519,high,-.016642822249218,.005195560765113,-.0268343198534216,-.0064513246450144,1.961577982618755
.0998535690063596,-.0553900755177519,high,-.0169743288085536,.0052990505727472,-.0273688297408379,-.0065798278762694,1.961577982618755
.1028854583396787,-.0553900755177519,high,-.0173058353678892,.0054025403803814,-.0279033396282541,-.0067083311075243,1.961577982618755
.1059173476729978,-.0553900755177519,high,-.0176373419272248,.0055060301880156,-.0284378495156704,-.0068368343387792,1.961577982618755
.1089492370063169,-.0553900755177519,high,-.0179688484865604,.0056095199956498,-.0289723594030867,-.0069653375700341,1.961577982618755
.111981126339636,-.0553900755177519,high,-.018300355045896,.005713009803284,-.0295068692905029,-.007093840801289,1.961577982618755
.1150130156729551,-.0553900755177519,high,-.0186318616052315,.0058164996109182,-.0300413791779192,-.0072223440325439,1.961577982618755
.1180449050062742,-.0553900755177519,high,-.0189633681645671,.0059199894185524,-.0305758890653354,-.0073508472637988,1.961577982618755
.1210767943395933,-.0553900755177519,high,-.0192948747239027,.0060234792261865,-.0311103989527517,-.0074793504950537,1.961577982618755
.1241086836729124,-.0553900755177519,high,-.0196263812832383,.0061269690338207,-.0316449088401679,-.0076078537263086,1.961577982618755
.1271405730062315,-.0553900755177519,high,-.0199578878425739,.0062304588414549,-.0321794187275842,-.0077363569575635,1.961577982618755
.1301724623395506,-.0553900755177519,high,-.0202893944019095,.0063339486490891,-.0327139286150005,-.0078648601888184,1.961577982618755
.1332043516728697,-.0553900755177519,high,-.020620900961245,.0064374384567233,-.0332484385024167,-.0079933634200734,1.961577982618755
.1362362410061888,-.0553900755177519,high,-.0209524075205806,.0065409282643575,-.033782948389833,-.0081218666513283,1.961577982618755
.1392681303395079,-.0553900755177519,high,-.0212839140799162,.0066444180719917,-.0343174582772493,-.0082503698825832,1.961577982618755
.142300019672827,-.0553900755177519,high,-.0216154206392518,.0067479078796259,-.0348519681646655,-.0083788731138381,1.961577982618755
.1453319090061461,-.0553900755177519,high,-.0219469271985874,.0068513976872601,-.0353864780520818,-.008507376345093,1.961577982618755
.1483637983394652,-.0553900755177519,high,-.022278433757923,.0069548874948943,-.035920987939498,-.0086358795763479,1.961577982618755
.1513956876727843,-.0553900755177519,high,-.0226099403172586,.0070583773025284,-.0364554978269143,-.0087643828076028,1.961577982618755
.1544275770061034,-.0553900755177519,high,-.0229414468765941,.0071618671101626,-.0369900077143306,-.0088928860388577,1.961577982618755
.1574594663394225,-.0553900755177519,high,-.0232729534359297,.0072653569177968,-.0375245176017468,-.0090213892701126,1.961577982618755
.1604913556727416,-.0553900755177519,high,-.0236044599952653,.007368846725431,-.0380590274891631,-.0091498925013675,1.961577982618755
.1635232450060607,-.0553900755177519,high,-.0239359665546009,.0074723365330652,-.0385935373765794,-.0092783957326224,1.961577982618755
.1665551343393799,-.0553900755177519,high,-.0242674731139365,.0075758263406994,-.0391280472639956,-.0094068989638774,1.961577982618755
.169587023672699,-.0553900755177519,high,-.0245989796732721,.0076793161483336,-.0396625571514119,-.0095354021951323,1.961577982618755
.1726189130060181,-.0553900755177519,high,-.0249304862326077,.0077828059559678,-.0401970670388281,-.0096639054263872,1.961577982618755
.1756508023393372,-.0553900755177519,high,-.0252619927919432,.007886295763602,-.0407315769262444,-.0097924086576421,1.961577982618755
.1786826916726563,-.0553900755177519,high,-.0255934993512788,.0079897855712361,-.0412660868136607,-.009920911888897,1.961577982618755
.1817145810059754,-.0553900755177519,high,-.0259250059106144,.0080932753788703,-.0418005967010769,-.0100494151201519,1.961577982618755
.1847464703392945,-.0553900755177519,high,-.02625651246995,.0081967651865045,-.0423351065884932,-.0101779183514068,1.961577982618755
.1877783596726136,-.0553900755177519,high,-.0265880190292856,.0083002549941387,-.0428696164759095,-.0103064215826617,1.961577982618755
.1908102490059327,-.0553900755177519,high,-.0269195255886212,.0084037448017729,-.0434041263633257,-.0104349248139166,1.961577982618755
.1938421383392518,-.0553900755177519,high,-.0272510321479568,.0085072346094071,-.043938636250742,-.0105634280451715,1.961577982618755
.1968740276725709,-.0553900755177519,high,-.0275825387072923,.0086107244170413,-.0444731461381582,-.0106919312764264,1.961577982618755
.19990591700589,-.0553900755177519,high,-.0279140452666279,.0087142142246755,-.0450076560255745,-.0108204345076813,1.961577982618755
.2029378063392091,-.0553900755177519,high,-.0282455518259635,.0088177040323097,-.0455421659129907,-.0109489377389363,1.961577982618755
.2059696956725282,-.0553900755177519,high,-.0285770583852991,.0089211938399439,-.046076675800407,-.0110774409701912,1.961577982618755
.2090015850058473,-.0553900755177519,high,-.0289085649446347,.009024683647578,-.0466111856878233,-.0112059442014461,1.961577982618755
.2120334743391664,-.0553900755177519,high,-.0292400715039703,.0091281734552122,-.0471456955752395,-.011334447432701,1.961577982618755
.2150653636724855,-.0553900755177519,high,-.0295715780633058,.0092316632628464,-.0476802054626558,-.0114629506639559,1.961577982618755
.2180972530058046,-.0553900755177519,high,-.0299030846226414,.0093351530704806,-.0482147153500721,-.0115914538952108,1.961577982618755
.2211291423391237,-.0553900755177519,high,-.030234591181977,.0094386428781148,-.0487492252374883,-.0117199571264657,1.961577982618755
.2241610316724428,-.0553900755177519,high,-.0305660977413126,.009542132685749,-.0492837351249046,-.0118484603577206,1.961577982618755
.2271929210057619,-.0553900755177519,high,-.0308976043006482,.0096456224933832,-.0498182450123208,-.0119769635889755,1.961577982618755
.230224810339081,-.0553900755177519,high,-.0312291108599838,.0097491123010174,-.0503527548997371,-.0121054668202304,1.961577982618755
.2332566996724001,-.0553900755177519,high,-.0315606174193193,.0098526021086516,-.0508872647871534,-.0122339700514853,1.961577982618755
.2362885890057192,-.0553900755177519,high,-.0318921239786549,.0099560919162857,-.0514217746745696,-.0123624732827403,1.961577982618755
.2393204783390383,-.0553900755177519,high,-.0322236305379905,.0100595817239199,-.0519562845619859,-.0124909765139952,1.961577982618755
.2423523676723574,-.0553900755177519,high,-.0325551370973261,.0101630715315541,-.0524907944494021,-.0126194797452501,1.961577982618755
.2453842570056765,-.0553900755177519,high,-.0328866436566617,.0102665613391883,-.0530253043368184,-.012747982976505,1.961577982618755
.2484161463389956,-.0553900755177519,high,-.0332181502159973,.0103700511468225,-.0535598142242347,-.0128764862077599,1.961577982618755
.2514480356723147,-.0553900755177519,high,-.0335496567753329,.0104735409544567,-.0540943241116509,-.0130049894390148,1.961577982618755
.2544799250056338,-.0553900755177519,high,-.0338811633346684,.0105770307620909,-.0546288339990672,-.0131334926702697,1.961577982618755
.2575118143389529,-.0553900755177519,high,-.034212669894004,.0106805205697251,-.0551633438864834,-.0132619959015246,1.961577982618755
.260543703672272,-.0553900755177519,high,-.0345441764533396,.0107840103773593,-.0556978537738997,-.0133904991327795,1.961577982618755
.2635755930055911,-.0553900755177519,high,-.0348756830126752,.0108875001849934,-.056232363661316,-.0135190023640344,1.961577982618755
.2666074823389102,-.0553900755177519,high,-.0352071895720108,.0109909899926276,-.0567668735487322,-.0136475055952893,1.961577982618755
.2696393716722293,-.0553900755177519,high,-.0355386961313464,.0110944798002618,-.0573013834361485,-.0137760088265442,1.961577982618755
.2726712610055484,-.0553900755177519,high,-.035870202690682,.011197969607896,-.0578358933235648,-.0139045120577992,1.961577982618755
.2757031503388676,-.0553900755177519,high,-.0362017092500175,.0113014594155302,-.058370403210981,-.0140330152890541,1.961577982618755
.2787350396721867,-.0553900755177519,high,-.0365332158093531,.0114049492231644,-.0589049130983973,-.014161518520309,1.961577982618755
.2817669290055058,-.0553900755177519,high,-.0368647223686887,.0115084390307986,-.0594394229858135,-.0142900217515639,1.961577982618755
.2847988183388249,-.0553900755177519,high,-.0371962289280243,.0116119288384328,-.0599739328732298,-.0144185249828188,1.961577982618755
.287830707672144,-.0553900755177519,high,-.0375277354873599,.011715418646067,-.0605084427606461,-.0145470282140737,1.961577982618755
.2908625970054631,-.0553900755177519,high,-.0378592420466955,.0118189084537012,-.0610429526480623,-.0146755314453286,1.961577982618755
.2938944863387822,-.0553900755177519,high,-.0381907486060311,.0119223982613353,-.0615774625354786,-.0148040346765835,1.961577982618755
.2969263756721013,-.0553900755177519,high,-.0385222551653666,.0120258880689695,-.0621119724228949,-.0149325379078384,1.961577982618755
.2999582650054204,-.0553900755177519,high,-.0388537617247022,.0121293778766037,-.0626464823103111,-.0150610411390933,1.961577982618755
.3029901543387395,-.0553900755177519,high,-.0391852682840378,.0122328676842379,-.0631809921977274,-.0151895443703482,1.961577982618755
.3060220436720586,-.0553900755177519,high,-.0395167748433734,.0123363574918721,-.0637155020851436,-.0153180476016032,1.961577982618755
.3090539330053777,-.0553900755177519,high,-.039848281402709,.0124398472995063,-.0642500119725599,-.0154465508328581,1.961577982618755
.3120858223386968,-.0553900755177519,high,-.0401797879620446,.0125433371071405,-.0647845218599762,-.015575054064113,1.961577982618755
.3151177116720159,-.0553900755177519,high,-.0405112945213802,.0126468269147747,-.0653190317473924,-.0157035572953679,1.961577982618755
.318149601005335,-.0553900755177519,high,-.0408428010807157,.0127503167224089,-.0658535416348087,-.0158320605266228,1.961577982618755
.3211814903386541,-.0553900755177519,high,-.0411743076400513,.012853806530043,-.0663880515222249,-.0159605637578777,1.961577982618755
.3242133796719732,-.0553900755177519,high,-.0415058141993869,.0129572963376772,-.0669225614096412,-.0160890669891326,1.961577982618755
.3272452690052923,-.0553900755177519,high,-.0418373207587225,.0130607861453114,-.0674570712970575,-.0162175702203875,1.961577982618755
.3302771583386114,-.0553900755177519,high,-.0421688273180581,.0131642759529456,-.0679915811844737,-.0163460734516424,1.961577982618755
.3333090476719305,-.0553900755177519,high,-.0425003338773937,.0132677657605798,-.06852609107189,-.0164745766828973,1.961577982618755
.3363409370052496,-.0553900755177519,high,-.0428318404367293,.013371255568214,-.0690606009593063,-.0166030799141522,1.961577982618755
.3393728263385687,-.0553900755177519,high,-.0431633469960648,.0134747453758482,-.0695951108467225,-.0167315831454072,1.961577982618755
.3424047156718878,-.0553900755177519,high,-.0434948535554004,.0135782351834824,-.0701296207341388,-.0168600863766621,1.961577982618755
.3454366050052069,-.0553900755177519,high,-.043826360114736,.0136817249911166,-.070664130621555,-.016988589607917,1.961577982618755
.348468494338526,-.0553900755177519,high,-.0441578666740716,.0137852147987508,-.0711986405089713,-.0171170928391719,1.961577982618755
.3515003836718451,-.0553900755177519,high,-.0444893732334072,.0138887046063849,-.0717331503963876,-.0172455960704268,1.961577982618755
.3545322730051642,-.0553900755177519,high,-.0448208797927428,.0139921944140191,-.0722676602838038,-.0173740993016817,1.961577982618755
.3575641623384833,-.0553900755177519,high,-.0451523863520783,.0140956842216533,-.0728021701712201,-.0175026025329366,1.961577982618755
.3605960516718024,-.0553900755177519,high,-.0454838929114139,.0141991740292875,-.0733366800586363,-.0176311057641915,1.961577982618755
.3636279410051215,-.0553900755177519,high,-.0458153994707495,.0143026638369217,-.0738711899460526,-.0177596089954464,1.961577982618755
.3666598303384406,-.0553900755177519,high,-.0461469060300851,.0144061536445559,-.0744056998334689,-.0178881122267013,1.961577982618755
.3696917196717597,-.0553900755177519,high,-.0464784125894207,.0145096434521901,-.0749402097208851,-.0180166154579562,1.961577982618755
.3727236090050788,-.0553900755177519,high,-.0468099191487563,.0146131332598243,-.0754747196083014,-.0181451186892112,1.961577982618755
.3757554983383979,-.0553900755177519,high,-.0471414257080918,.0147166230674585,-.0760092294957176,-.0182736219204661,1.961577982618755
.378787387671717,-.0553900755177519,high,-.0474729322674274,.0148201128750926,-.0765437393831339,-.018402125151721,1.961577982618755
.3818192770050362,-.0553900755177519,high,-.047804438826763,.0149236026827268,-.0770782492705502,-.0185306283829759,1.961577982618755
.3848511663383553,-.0553900755177519,high,-.0481359453860986,.015027092490361,-.0776127591579664,-.0186591316142308,1.961577982618755
.3878830556716744,-.0553900755177519,high,-.0484674519454342,.0151305822979952,-.0781472690453827,-.0187876348454857,1.961577982618755
.3909149450049935,-.0553900755177519,high,-.0487989585047698,.0152340721056294,-.078681778932799,-.0189161380767406,1.961577982618755
.3939468343383126,-.0553900755177519,high,-.0491304650641054,.0153375619132636,-.0792162888202152,-.0190446413079955,1.961577982618755
.3969787236716317,-.0553900755177519,high,-.049461971623441,.0154410517208978,-.0797507987076315,-.0191731445392504,1.961577982618755
.4000106130049508,-.0553900755177519,high,-.0497934781827765,.015544541528532,-.0802853085950477,-.0193016477705053,1.961577982618755
.4030425023382699,-.0553900755177519,high,-.0501249847421121,.0156480313361662,-.080819818482464,-.0194301510017602,1.961577982618755
.406074391671589,-.0553900755177519,high,-.0504564913014477,.0157515211438004,-.0813543283698803,-.0195586542330151,1.961577982618755
.4091062810049081,-.0553900755177519,high,-.0507879978607833,.0158550109514345,-.0818888382572965,-.0196871574642701,1.961577982618755
.4121381703382272,-.0553900755177519,high,-.0511195044201189,.0159585007590687,-.0824233481447128,-.019815660695525,1.961577982618755
.4151700596715463,-.0553900755177519,high,-.0514510109794545,.0160619905667029,-.082957858032129,-.0199441639267799,1.961577982618755
.4182019490048654,-.0553900755177519,high,-.05178251753879,.0161654803743371,-.0834923679195453,-.0200726671580348,1.961577982618755
.4212338383381845,-.0553900755177519,high,-.0521140240981256,.0162689701819713,-.0840268778069616,-.0202011703892897,1.961577982618755
.4242657276715036,-.0553900755177519,high,-.0524455306574612,.0163724599896055,-.0845613876943778,-.0203296736205446,1.961577982618755
.4272976170048227,-.0553900755177519,high,-.0527770372167968,.0164759497972397,-.0850958975817941,-.0204581768517995,1.961577982618755
.4303295063381418,-.0553900755177519,high,-.0531085437761324,.0165794396048739,-.0856304074692104,-.0205866800830544,1.961577982618755
.4333613956714609,-.0553900755177519,high,-.053440050335468,.0166829294125081,-.0861649173566266,-.0207151833143093,1.961577982618755
.43639328500478,-.0553900755177519,high,-.0537715568948036,.0167864192201422,-.0866994272440429,-.0208436865455642,1.961577982618755
.4394251743380991,-.0553900755177519,high,-.0541030634541391,.0168899090277764,-.0872339371314591,-.0209721897768191,1.961577982618755
.4424570636714182,-.0553900755177519,high,-.0544345700134747,.0169933988354106,-.0877684470188754,-.0211006930080741,1.961577982618755
.4454889530047373,-.0553900755177519,high,-.0547660765728103,.0170968886430448,-.0883029569062917,-.021229196239329,1.961577982618755
.4485208423380564,-.0553900755177519,high,-.0550975831321459,.017200378450679,-.0888374667937079,-.0213576994705839,1.961577982618755
.4515527316713756,-.0553900755177519,high,-.0554290896914815,.0173038682583132,-.0893719766811242,-.0214862027018388,1.961577982618755
.4545846210046947,-.0553900755177519,high,-.0557605962508171,.0174073580659474,-.0899064865685404,-.0216147059330937,1.961577982618755
.4576165103380138,-.0553900755177519,high,-.0560921028101527,.0175108478735816,-.0904409964559567,-.0217432091643486,1.961577982618755
.4606483996713329,-.0553900755177519,high,-.0564236093694882,.0176143376812158,-.090975506343373,-.0218717123956035,1.961577982618755
.463680289004652,-.0553900755177519,high,-.0567551159288238,.01771782748885,-.0915100162307892,-.0220002156268584,1.961577982618755
.4667121783379711,-.0553900755177519,high,-.0570866224881594,.0178213172964841,-.0920445261182055,-.0221287188581133,1.961577982618755
.4697440676712902,-.0553900755177519,high,-.057418129047495,.0179248071041183,-.0925790360056218,-.0222572220893682,1.961577982618755
.4727759570046093,-.0553900755177519,high,-.0577496356068306,.0180282969117525,-.093113545893038,-.0223857253206231,1.961577982618755
.4758078463379284,-.0553900755177519,high,-.0580811421661662,.0181317867193867,-.0936480557804543,-.022514228551878,1.961577982618755
.4788397356712475,-.0553900755177519,high,-.0584126487255018,.0182352765270209,-.0941825656678705,-.022642731783133,1.961577982618755
.4818716250045666,-.0553900755177519,high,-.0587441552848373,.0183387663346551,-.0947170755552868,-.0227712350143879,1.961577982618755
.4849035143378857,-.0553900755177519,high,-.0590756618441729,.0184422561422893,-.0952515854427031,-.0228997382456428,1.961577982618755
.4879354036712048,-.0553900755177519,high,-.0594071684035085,.0185457459499235,-.0957860953301193,-.0230282414768977,1.961577982618755
.4909672930045239,-.0553900755177519,high,-.0597386749628441,.0186492357575577,-.0963206052175356,-.0231567447081526,1.961577982618755
.493999182337843,-.0553900755177519,high,-.0600701815221797,.0187527255651918,-.0968551151049518,-.0232852479394075,1.961577982618755
