cutoff,rss,N,low_n,high_n
-.021454472170003,.44834328,1571,158,1413
-.0211942943753802,.448342,1571,159,1412
-.0211481092811987,.44834176,1571,159,1412
-.0208864746345469,.44834042,1571,161,1410
-.0207981544102059,.44833991,1571,162,1409
-.0207794377232541,.44833982,1571,162,1409
-.0206671502697493,.44833931,1571,164,1407
-.0206493748744417,.44833928,1571,164,1407
-.0206362032647179,.44833925,1571,165,1406
-.0205396654393963,.4483391,1571,166,1404
-.0205326864205301,.4483391,1571,167,1404
-.0205001547172777,.44833907,1571,169,1402
-.0203472373948958,.44833887,1571,169,1402
-.0201733591213716,.44833836,1571,170,1401
-.020106349976704,.44833812,1571,172,1399
-.0200845733680222,.44833809,1571,173,1398
-.019795262106712,.44833753,1571,174,1397
-.0196557533423378,.44833732,1571,174,1397
-.019571555770038,.44833714,1571,175,1396
-.0195037966216313,.44833696,1571,176,1395
-.0194013951403799,.4483366,1571,177,1394
-.0192650492661186,.44833606,1571,178,1393
-.0190604422346155,.44833526,1571,179,1392
-.0190569759881478,.44833526,1571,181,1390
-.0189745998598054,.44833514,1571,182,1389
-.0189701848149385,.44833514,1571,183,1388
-.01884196239977,.44833499,1571,183,1388
-.0187983220374638,.44833493,1571,184,1387
-.0187837398346822,.4483349,1571,185,1386
-.0187524140019773,.44833484,1571,187,1384
-.0186582145980747,.44833466,1571,188,1383
-.0185688950381622,.44833449,1571,188,1383
-.018504094604385,.44833437,1571,190,1381
-.0183402371066797,.4483341,1571,191,1380
-.0176725371229699,.44833291,1571,191,1380
-.0176582042591085,.44833288,1571,192,1378
-.0175749971700102,.4483327,1571,193,1378
-.0172117057914197,.44833189,1571,194,1377
-.0171488636977134,.44833171,1571,195,1376
-.017113789518405,.44833159,1571,196,1375
-.0166864971043685,.44833061,1571,198,1373
-.0166841149778143,.44833058,1571,199,1372
-.016498183447261,.44832906,1571,199,1372
-.0163880622518072,.44832808,1571,200,1371
-.0162573803608862,.44832706,1571,202,1369
-.0161974347599022,.44832659,1571,202,1368
-.0160042337298871,.44832507,1571,203,1368
-.0157784374970646,.44832328,1571,205,1366
-.0156614092183316,.44832242,1571,205,1366
-.0156361096286286,.44832221,1571,207,1364
-.0153856933919832,.44832033,1571,207,1364
-.0153153052959707,.44831982,1571,208,1363
-.0151400403569573,.44831863,1571,209,1362
-.0150921468359468,.4483183,1571,211,1360
-.0150363670974898,.44831792,1571,211,1360
-.0149932599751892,.44831753,1571,212,1359
-.0148868434767851,.44831657,1571,213,1358
-.0148618280618041,.4483164,1571,215,1356
-.0147637039287824,.44831568,1571,215,1356
-.0146174831418031,.44831505,1571,216,1355
-.0145553171867295,.44831467,1571,218,1353
-.0145520752573773,.44831464,1571,218,1353
-.0144136835185033,.44831419,1571,220,1351
-.0143900211144885,.44831413,1571,221,1350
-.0143348061341677,.44831392,1571,222,1349
-.0142830675725264,.44831377,1571,222,1349
-.014131163851544,.44831347,1571,224,1347
-.0138769414681907,.44831395,1571,225,1346
-.0137902910947911,.44831416,1571,225,1346
-.0136786592170412,.44831383,1571,227,1344
-.0135725999730529,.44831365,1571,227,1344
-.013525495623597,.44831359,1571,228,1343
-.0133469659023122,.44831347,1571,229,1342
-.0132554424505677,.44831344,1571,230,1341
-.0132029384357291,.44831344,1571,232,1339
-.0130291702746722,.4483141,1571,233,1338
-.0130100770281952,.44831419,1571,234,1337
-.0130011832031902,.44831422,1571,235,1336
-.0129577985422061,.44831443,1571,236,1335
-.0128186947544673,.44831488,1571,236,1335
-.0126670801348787,.44831541,1571,238,1333
-.0125778224457001,.44831577,1571,238,1333
-.0125117544833741,.44831601,1571,239,1332
-.0124456691309022,.44831625,1571,241,1330
-.0122661339909631,.44831693,1571,242,1329
-.012207207479268,.44831714,1571,243,1328
-.0121514372096751,.44831729,1571,243,1328
-.0121397917558527,.44831732,1571,244,1327
-.0121353182013197,.44831735,1571,245,1325
-.0120667967482142,.44831723,1571,247,1324
-.0120125571229744,.44831717,1571,248,1323
-.0119372102456792,.44831699,1571,248,1322
-.0118938108109637,.44831714,1571,249,1322
-.0117712114076065,.44831747,1571,250,1321
-.0116804950061153,.44831765,1571,252,1319
-.0116507143501556,.44831771,1571,253,1318
-.0116409167853004,.44831771,1571,253,1318
-.0116115143646748,.44831789,1571,255,1316
-.0114982691089134,.44831854,1571,256,1315
-.0114000925432998,.4483192,1571,257,1314
-.0107513494871931,.44832426,1571,257,1314
-.0106423117455172,.44832492,1571,258,1313
-.0106341329351888,.44832498,1571,259,1312
-.0105030457784655,.44832575,1571,261,1310
-.0103297197011141,.4483265,1571,262,1309
-.010205870862354,.44832703,1571,263,1308
-.0101572531277433,.44832724,1571,263,1308
-.0098822180855002,.44832847,1571,265,1306
-.0098109186768508,.44832879,1571,265,1306
-.0098054197475681,.44832882,1571,267,1304
-.0097020043315981,.44832924,1571,268,1303
-.0096594276385704,.44832942,1571,268,1303
-.0096165261091168,.4483296,1571,269,1302
-.0094423473819759,.44833028,1571,270,1301
-.0094331120169835,.44833031,1571,271,1300
-.0094038829354374,.4483304,1571,273,1298
-.0093541592949177,.44833055,1571,273,1298
-.0093003311767534,.4483307,1571,274,1297
-.0092720113124141,.44833079,1571,275,1296
-.0092635255344273,.44833082,1571,276,1295
-.0091759272575313,.44833112,1571,277,1294
-.0089985354581572,.44833151,1571,279,1292
-.0089686691886243,.44833153,1571,279,1292
-.0088403560972121,.44833171,1571,280,1291
-.008666888682984,.44833195,1571,281,1290
-.0086398151949323,.44833198,1571,283,1288
-.0085977017334943,.44833204,1571,283,1288
-.0085788337608487,.44833207,1571,285,1286
-.0085034165507823,.44833225,1571,285,1286
-.0085025512365012,.44833225,1571,287,1284
-.0084728424713737,.44833228,1571,288,1283
-.0081064930079355,.4483327,1571,288,1283
-.0080978455154219,.44833273,1571,289,1282
-.0080928192293752,.44833273,1571,291,1280
-.0080144710279013,.44833279,1571,291,1280
-.007806982159974,.44833294,1571,293,1278
-.0077078298476475,.44833302,1571,294,1277
-.0076824246965867,.44833305,1571,295,1276
-.0075225566938354,.4483332,1571,295,1276
-.0074322394042889,.44833326,1571,297,1274
-.0072742959751712,.44833338,1571,298,1273
-.0072668003181482,.44833341,1571,298,1273
-.0072113520011379,.4483335,1571,300,1271
-.0071663416475068,.44833362,1571,301,1270
-.00689551784536,.44833443,1571,302,1269
-.0061689488995909,.44833663,1571,303,1268
-.0060242072253291,.44833708,1571,303,1268
-.0060238077290323,.44833708,1571,305,1266
-.005994030597121,.4483372,1571,305,1266
-.0057442110440865,.44833592,1571,306,1265
-.0056605913621143,.44833553,1571,308,1263
-.0055779354774505,.44833526,1571,309,1262
-.0055452283424555,.44833517,1571,310,1261
-.0054993603438867,.44833502,1571,310,1261
-.0053007142183517,.44833434,1571,311,1260
-.0052398762133344,.44833401,1571,313,1258
-.0051213695390571,.44833338,1571,314,1257
-.0050902947151816,.4483332,1571,315,1256
-.005063931753349,.44833308,1571,316,1255
-.0050299541455614,.44833288,1571,317,1254
-.0050015364112921,.4483327,1571,318,1253
-.0047501705529378,.44833118,1571,318,1253
-.0047325305911924,.44833106,1571,320,1251
-.00460854700835,.44833019,1571,320,1251
-.0045178393736619,.44832972,1571,321,1250
-.0044892330090153,.4483296,1571,323,1248
-.0043160664179578,.44832885,1571,324,1247
-.0041526960417311,.44832808,1571,325,1246
-.0041305705108317,.44832799,1571,326,1245
-.0039950569220489,.44832739,1571,327,1244
-.0038160218072612,.44832659,1571,327,1244
-.0037294976311434,.4483262,1571,328,1243
-.0035264828324343,.44832546,1571,329,1242
-.0035000702677384,.44832537,1571,331,1240
-.0033418425589542,.4483248,1571,331,1240
-.0033288024894077,.44832474,1571,333,1238
-.0033262667049827,.44832471,1571,333,1238
-.0033127533600327,.44832465,1571,335,1236
-.0032062024005569,.44832417,1571,335,1236
-.003166210147783,.44832402,1571,336,1235
-.0031450576084156,.44832394,1571,337,1234
-.0031186482530012,.44832385,1571,339,1232
-.002970517480623,.44832328,1571,340,1231
-.0026787540911965,.44832236,1571,341,1230
-.0026402243701906,.44832224,1571,341,1230
-.0025891182628633,.44832206,1571,342,1229
-.0024194768204662,.4483214,1571,343,1228
-.0023425629659074,.44832116,1571,345,1226
-.0023308879111259,.44832113,1571,346,1225
-.002157334248813,.44832066,1571,346,1225
-.0020745119294766,.44832042,1571,347,1224
-.002057471207531,.44832039,1571,349,1222
-.0019899188343815,.44832015,1571,349,1222
-.0019853518620844,.44832012,1571,350,1221
-.0019613842535254,.44832006,1571,351,1220
-.0017047506499769,.44831923,1571,353,1218
-.0015311905758486,.44831887,1571,353,1218
-.0014583698304679,.44831851,1571,354,1217
-.0013751496474932,.44831815,1571,355,1216
-.0012784346447191,.44831774,1571,356,1215
-.0012113229421228,.44831747,1571,357,1214
-.0011339279500871,.44831726,1571,358,1213
-.0009927477047018,.44831675,1571,360,1211
-.0009044977827297,.4483164,1571,360,1211
-.0008857786379344,.44831631,1571,361,1210
-.0007192381607429,.4483158,1571,362,1209
-.0007169743876654,.44831577,1571,364,1207
-.0005403850024787,.44831529,1571,364,1207
-.000514761398534,.44831523,1571,366,1205
-.0003563446693826,.44831476,1571,367,1204
-.0000499264807297,.44831392,1571,368,1203
.0002153981017486,.44831318,1571,368,1203
.0002755430318488,.448313,1571,370,1201
.0003249674036802,.44831285,1571,371,1200
.0006241183426082,.44831201,1571,372,1199
.0008222555143013,.44831154,1571,373,1198
.0008792946564591,.44831139,1571,373,1198
.0011837611796479,.44831064,1571,375,1196
.0012808252993972,.44831043,1571,375,1196
.0016041146175597,.44830978,1571,376,1195
.001715530497386,.44830948,1571,377,1194
.0018349465898675,.44830859,1571,379,1192
.0019221280581496,.4483079,1571,380,1191
.0019811679380305,.44830742,1571,380,1191
.0022584110460223,.44830537,1571,381,1190
.0024679344881582,.44830376,1571,382,1189
.0024933474883111,.44830358,1571,384,1187
.0025061378940801,.44830349,1571,384,1187
.0025742817130418,.44830325,1571,385,1186
.0028580292534742,.44830215,1571,387,1184
.0029072129489063,.44830212,1571,388,1183
.0029222352054002,.44830209,1571,389,1182
.0033186933523971,.44830164,1571,389,1182
.0033453694990473,.44830167,1571,391,1180
.0034458203497367,.4483017,1571,392,1179
.0035082770655961,.44830179,1571,393,1178
.003508793198504,.44830179,1571,394,1177
.0038296910710153,.44830215,1571,395,1176
.0038763813008283,.44830221,1571,396,1175
.0039634845826179,.44830224,1571,396,1175
.003984494905991,.44830227,1571,398,1173
.0040031807674952,.44830233,1571,399,1172
.0040817397357632,.44830245,1571,399,1172
.0041122758232018,.44830248,1571,401,1170
.0041214058558515,.44830251,1571,402,1169
.0042357361348675,.44830266,1571,402,1169
.0042530145612708,.44830272,1571,403,1168
.0044272383258626,.44830322,1571,405,1166
.0044314937201129,.44830322,1571,406,1165
.0044651129870684,.44830328,1571,406,1165
.0044933255014533,.44830334,1571,407,1164
.0045066554328378,.44830337,1571,408,1163
.0045700742586831,.44830361,1571,410,1161
.0046421217222067,.44830382,1571,411,1160
.0046871708366155,.448304,1571,412,1159
.0047440212909343,.44830427,1571,413,1158
.0047962051861085,.4483045,1571,414,1157
.0047989797140074,.44830453,1571,414,1157
.00489872987871,.44830501,1571,416,1155
.0049469464213087,.44830525,1571,417,1154
.0050277845948614,.44830561,1571,417,1154
.0051630951337896,.44830626,1571,419,1152
.0052354536398448,.44830659,1571,419,1152
.0052656743307526,.44830674,1571,420,1151
.0054906237425708,.44830793,1571,422,1149
.0058978328919618,.44831017,1571,422,1149
.0059696581784858,.44831058,1571,423,1148
.0064317378038565,.44831324,1571,425,1146
.006459666814101,.44831339,1571,426,1145
.0064719903223809,.44831342,1571,426,1145
.0066706874107635,.44831446,1571,428,1143
.0066982419303227,.44831455,1571,429,1142
.0067003991438328,.44831455,1571,430,1141
.0067450617383106,.44831455,1571,431,1140
.0069149058844967,.44831455,1571,431,1140
.0069463932357337,.44831458,1571,433,1138
.007018824166527,.44831461,1571,434,1137
.0070668940544591,.44831464,1571,435,1136
.0070719384686954,.44831464,1571,435,1136
.0072033014802448,.44831476,1571,436,1135
.0072858914054174,.44831482,1571,438,1133
.007327566042505,.44831485,1571,438,1133
.0074378981085015,.44831482,1571,440,1131
.0078075152365328,.44831508,1571,440,1131
.0078314885123055,.44831511,1571,441,1130
.0078845222855168,.44831514,1571,442,1129
.0079976344221133,.4483152,1571,443,1128
.008366756153781,.44831556,1571,444,1127
.0083932758459864,.44831559,1571,445,1126
.008437337671177,.44831562,1571,447,1124
.0086302331742539,.44831571,1571,448,1123
.0089629136619296,.44831586,1571,448,1123
.0090380492824657,.44831589,1571,450,1121
.0092008215064742,.44831601,1571,451,1120
.0092298981637917,.44831607,1571,451,1120
.0095692770068532,.4483166,1571,452,1119
.009757290956828,.44831684,1571,453,1118
.0097997243228398,.4483169,1571,454,1117
.0098947904569063,.44831702,1571,456,1115
.0099513844394607,.44831714,1571,457,1114
.0101089867433306,.4483175,1571,457,1114
.0104630781343285,.44831821,1571,459,1112
.0105015732714675,.4483183,1571,459,1112
.0108873458797071,.44831929,1571,461,1110
.010969822984617,.44831946,1571,462,1109
.0114414622746973,.44832072,1571,463,1108
.0114549234038742,.44832075,1571,463,1108
.01146998905727,.44832081,1571,464,1107
.0118282190119067,.44832194,1571,466,1105
.0121855045027061,.4483228,1571,467,1104
.0125148007071207,.4483237,1571,468,1103
.0125807351707723,.44832376,1571,469,1102
.012682595693459,.44832391,1571,470,1101
.0127720873918481,.44832405,1571,470,1101
.0127893592278261,.44832408,1571,471,1100
.0129212494898591,.44832438,1571,473,1098
.013226302943228,.44832525,1571,474,1097
.01335151835796,.44832563,1571,474,1097
.0133860002986205,.44832566,1571,475,1096
.0134342668257411,.44832563,1571,476,1095
.013759319358798,.44832557,1571,477,1094
.0139903871355021,.44832551,1571,478,1093
.0140440246734427,.44832548,1571,479,1092
.0141317162798228,.44832548,1571,481,1090
.014333652596395,.4483251,1571,481,1090
.0145243053566128,.44832474,1571,483,1088
.0148485053843449,.44832408,1571,483,1088
.0149664248780058,.44832385,1571,485,1086
.0150236521665707,.44832382,1571,486,1085
.0150727477111225,.44832373,1571,486,1085
.0152164530626161,.44832349,1571,488,1083
.015438237280245,.44832337,1571,488,1083
.0163848626946261,.44832295,1571,490,1081
.0164153874010068,.44832295,1571,491,1080
.0166684167319922,.44832286,1571,492,1079
.0166996903617633,.44832286,1571,492,1079
.0167656486339576,.44832286,1571,493,1078
.0168575107585795,.44832286,1571,495,1076
.0169240328447341,.44832289,1571,495,1075
.0171841246538209,.44832307,1571,497,1074
.0172039150829119,.44832307,1571,498,1073
.0174097516147792,.44832313,1571,498,1073
.0176603741546962,.44832289,1571,499,1072
.0179937395634956,.44832245,1571,500,1071
.0183661722390367,.44832176,1571,501,1070
.0184298363817762,.44832161,1571,503,1068
.0187343182224087,.44832113,1571,504,1067
.0189511159815616,.44832072,1571,504,1067
.018954660261272,.44832069,1571,506,1065
.0191455374428776,.44832009,1571,507,1064
.0191913108179292,.44831994,1571,507,1064
.0196934076248329,.44831803,1571,508,1063
.0198263606838502,.44831747,1571,510,1061
.0199481003956706,.44831705,1571,510,1061
.0199922402288788,.44831693,1571,512,1059
.0200023526754865,.44831687,1571,512,1059
.0200286539707235,.44831681,1571,513,1058
.0200300551312545,.44831681,1571,514,1057
.0203590692138729,.44831616,1571,516,1055
.0203894747391833,.44831607,1571,516,1055
.0204995770246447,.44831574,1571,518,1053
.0207920582714718,.44831416,1571,519,1052
.0209009548116883,.44831359,1571,519,1052
.0209138732469674,.44831353,1571,521,1050
.0209420219100156,.44831339,1571,522,1049
.0209519452063862,.44831336,1571,522,1049
.021011810022101,.44831309,1571,523,1048
.0210303639573763,.448313,1571,525,1046
.0211007372723312,.44831276,1571,526,1045
.0211022384152873,.44831276,1571,526,1045
.0212903905428703,.44831192,1571,528,1043
.0213313357039056,.44831175,1571,528,1043
.0214606835197973,.44831124,1571,530,1041
.0216811375086243,.44831041,1571,530,1040
.0217830390531965,.44830909,1571,532,1039
.0218101439120946,.44830868,1571,533,1038
.0220520399162609,.44830501,1571,533,1038
.0222201308217944,.44830239,1571,534,1037
.0222387133891909,.44830215,1571,536,1035
.0223020775081313,.44830129,1571,536,1035
.0223338234713287,.44830087,1571,537,1034
.0224410179177346,.44829947,1571,538,1033
.0225362458731482,.44829825,1571,539,1032
.0225414217698748,.44829819,1571,540,1031
.0230958812136872,.44829124,1571,541,1030
.0231909535139445,.44828999,1571,542,1029
.0233451133697884,.44828799,1571,543,1028
.0234749587523071,.44828624,1571,544,1027
.0235337773601205,.44828534,1571,546,1025
.0237879032856502,.44828141,1571,547,1024
.0239186437368594,.44827944,1571,548,1023
.0239755985354544,.44827855,1571,548,1023
.0241011266907608,.44827658,1571,550,1021
.0241627861239517,.44827557,1571,550,1021
.0241647242951117,.44827554,1571,552,1019
.0243767140043475,.44827193,1571,553,1018
.0243769672201566,.44827193,1571,553,1018
.0245008928179385,.4482699,1571,554,1017
.0245539950485019,.4482691,1571,556,1015
.0248356942355794,.4482646,1571,557,1014
.0249208174051769,.44826326,1571,558,1013
.0251176736546585,.44826025,1571,559,1012
.0252828051523368,.44825768,1571,559,1012
.0252884364020604,.4482576,1571,560,1011
.0253074857745693,.4482573,1571,561,1010
.0255431900842423,.44825342,1571,563,1008
.0257080537061878,.44825056,1571,564,1007
.0258754148727758,.4482477,1571,564,1007
.0259368196769305,.44824669,1571,565,1006
.0261738832259966,.44824255,1571,566,1005
.0263390137687838,.4482398,1571,567,1004
.026361671743644,.44823942,1571,569,1002
.0263945759664134,.44823891,1571,570,1001
.0264802593132784,.44823766,1571,571,1000
.026483662970192,.4482376,1571,571,1000
.0266587703241146,.44823515,1571,572,999
.0266858317094003,.44823477,1571,574,997
.0268131849423458,.4482328,1571,575,996
.0269159498537619,.44823107,1571,575,996
.0269517695013669,.44823048,1571,576,995
.0270416280415228,.44822904,1571,577,994
.0271212481608757,.44822776,1571,578,993
.0272624402124895,.44822559,1571,580,991
.0272668427181237,.4482255,1571,580,991
.0273000210358275,.44822496,1571,581,990
.027341214342593,.4482244,1571,582,989
.0274422038624854,.44822246,1571,583,988
.0276025798909494,.4482196,1571,585,986
.0276308355165655,.44821906,1571,585,986
.0277169324183355,.44821754,1571,587,984
.0278660631263234,.44821489,1571,588,983
.0279385243983381,.44821361,1571,589,982
.0280614178880942,.44821167,1571,589,982
.0280634832962876,.44821164,1571,591,980
.0282817457492044,.44820827,1571,591,980
.0284518768053856,.44820562,1571,593,978
.028494498789578,.44820496,1571,594,977
.0286381786811936,.4482027,1571,594,977
.0288523608793048,.4481996,1571,595,976
.0289794022809167,.44819772,1571,597,974
.0291291804255407,.44819552,1571,597,974
.0291630669860323,.44819504,1571,598,972
.0291986541845622,.44819453,1571,599,972
.029304146887449,.44819301,1571,600,971
.0293344578529872,.44819254,1571,601,970
.029455110607013,.44819072,1571,602,969
.0295097908264102,.44818988,1571,604,967
.0297247777242116,.44818631,1571,604,967
.0298704639163205,.44818383,1571,605,966
.0299996029688152,.44818148,1571,607,964
.0301104233519289,.44817939,1571,607,964
.0302470943129171,.44817743,1571,608,963
.0302900558002541,.44817674,1571,610,961
.0303892442663017,.44817495,1571,611,960
.0303908521673863,.44817492,1571,611,960
.0304167838896146,.44817442,1571,613,958
.0304340690072155,.44817409,1571,614,957
.0307658596551132,.44816804,1571,614,957
.0307784988656128,.44816783,1571,616,955
.0308766182794908,.44816616,1571,616,955
.0310598445969283,.44816312,1571,617,954
.0311554864302157,.44816148,1571,619,952
.0315022629841932,.44815549,1571,620,951
.0315969398371423,.44815391,1571,620,951
.0317857277475829,.44815075,1571,622,949
.0318192341732843,.44815025,1571,622,948
.0319223279930872,.44814846,1571,623,948
.0320690602207548,.4481467,1571,625,946
.0321137853484161,.4481461,1571,625,946
.0322154545475333,.44814512,1571,626,945
.0322446354339831,.44814485,1571,628,943
.0326250063038815,.44814047,1571,629,942
.032967787033941,.44813678,1571,630,941
.0330195107565149,.44813624,1571,631,940
.0330266010997375,.44813615,1571,631,940
.0330307545083037,.44813612,1571,633,938
.0331687518857396,.44813451,1571,633,938
.0332006434647111,.44813418,1571,634,937
.0332023416110186,.44813418,1571,636,935
.0332394196274268,.44813377,1571,636,935
.0332418952127232,.44813374,1571,637,934
.0332610709976565,.44813344,1571,639,932
.0333399893249764,.44813219,1571,640,931
.0333602716514408,.44813186,1571,640,931
.0333802203169946,.44813153,1571,641,929
.0334055346781098,.44813114,1571,642,929
.0335153734699605,.44812942,1571,643,928
.0335174879456264,.44812939,1571,644,927
.0335530355593279,.44812885,1571,646,925
.033589038574238,.44812831,1571,646,925
.033705363860219,.44812638,1571,647,924
.0337469329220183,.44812536,1571,648,923
.0340343155900456,.44811827,1571,650,921
.0342989210837039,.44811139,1571,650,921
.0344428439538757,.44810781,1571,652,919
.0345336345205426,.44810575,1571,652,918
.0346257136019638,.44810358,1571,653,918
.0346989313155343,.44810143,1571,655,916
.034732580030678,.44810042,1571,655,916
.0347901976335387,.44809866,1571,656,915
.0347971121277293,.44809845,1571,658,913
.0349228509160549,.44809461,1571,659,912
.0349614494398177,.44809335,1571,660,911
.0350162124781388,.44809166,1571,660,911
.0350299719542915,.44809121,1571,662,909
.0350613665241404,.44809023,1571,663,908
.0350763035489337,.44808975,1571,663,908
.0352732373828089,.44808376,1571,665,906
.0354408423740197,.44807851,1571,666,905
.0354537827753273,.44807813,1571,666,905
.0355045837449866,.44807649,1571,667,904
.0355496294650419,.44807497,1571,669,902
.0355594275024975,.44807467,1571,669,902
.0355887836336784,.4480738,1571,670,901
.0356348400625864,.44807291,1571,672,899
.0356382013156135,.44807285,1571,673,898
.035669978355201,.4480722,1571,673,898
.0361349546436915,.44806263,1571,674,897
.0361975368278009,.44806135,1571,675,896
.0362114204825014,.44806105,1571,677,894
.0362205321622703,.44806087,1571,678,893
.0363047172214912,.44805914,1571,679,892
.0363142062052487,.44805899,1571,680,891
.0364208675154558,.44805714,1571,680,891
.0364266936800748,.44805706,1571,681,889
.0364439697609886,.4480567,1571,682,889
.0365070881076861,.4480553,1571,683,888
.036602005623339,.44805315,1571,685,886
.036863479736868,.4480474,1571,685,886
.0369609718570942,.44804528,1571,687,884
.0369722348548474,.44804502,1571,688,883
.0370817235453595,.44804266,1571,688,882
.0372181846253698,.44803977,1571,689,882
.0372695758990678,.44803867,1571,690,880
.0372745559531645,.44803858,1571,692,879
.0373927658734039,.44803637,1571,692,879
.0374484420740571,.44803536,1571,693,878
.0375608216387899,.4480333,1571,695,876
.0376852534591614,.44803095,1571,696,875
.0377106136685714,.44803053,1571,697,874
.0377247775856225,.44803032,1571,697,873
.0377666844843459,.44802958,1571,698,873
.0378504331221426,.44802812,1571,700,871
.0378627317582366,.44802791,1571,701,870
.0382420292952243,.44802102,1571,702,869
.0384515023898583,.44801718,1571,703,868
.0384701907143059,.44801685,1571,704,867
.0385754858331798,.44801494,1571,705,866
.0385841837260816,.4480148,1571,706,865
.0387219500028361,.44801229,1571,707,864
.0389455172948028,.44800845,1571,708,863
.0390026561034235,.44800746,1571,709,862
.0391287882832356,.44800529,1571,710,861
.0392109483751984,.44800395,1571,710,860
.0392686561976047,.44800299,1571,712,859
.0393111716061602,.44800219,1571,713,858
.0393217060412999,.44800198,1571,713,858
.0393750038206727,.44800079,1571,714,857
.0394580176420786,.44799897,1571,716,855
.0394767112465579,.44799861,1571,716,855
.0395155968845418,.4479979,1571,718,853
.0395524643208618,.4479973,1571,719,852
.0395590551410738,.44799718,1571,719,851
.0397050188395533,.44799489,1571,721,850
.0397445937451713,.44799414,1571,722,849
.0397492821469714,.44799405,1571,723,848
.0397867961666646,.44799331,1571,724,847
.039795516150293,.44799316,1571,724,847
.0398417384205197,.44799227,1571,726,845
.0398601360506465,.44799182,1571,726,844
.0398967173415068,.44799089,1571,727,844
.04006958813243,.44798616,1571,729,842
.0401274741439279,.44798458,1571,730,841
.0401285644333272,.44798455,1571,731,840
.0402039175689062,.44798249,1571,732,839
.0405283098480862,.44797394,1571,732,839
.0406170120693812,.44797158,1571,734,837
.0406265988698831,.44797134,1571,735,836
.0406280968242867,.44797128,1571,735,836
.0406515582206709,.44797066,1571,736,835
.040914761737246,.44796354,1571,738,833
.0409316704751704,.44796303,1571,738,833
.040939082357101,.44796279,1571,739,832
.0410950251067558,.44795802,1571,740,831
.0411334314400601,.44795662,1571,741,830
.0411610017390234,.44795564,1571,743,828
.0412729456511603,.44795176,1571,744,827
.0413895000188443,.4479478,1571,745,826
.0414287706997895,.44794646,1571,746,825
.041430011756895,.44794643,1571,747,824
.0414561031656583,.44794562,1571,748,823
.0415317365920362,.44794333,1571,749,822
.0415657383518487,.44794232,1571,749,822
.0416193174689818,.44794077,1571,751,820
.0416632256001041,.44793943,1571,752,819
.0417815574379477,.44793576,1571,753,818
.0417878967482125,.44793555,1571,753,817
.0417884626830643,.44793552,1571,754,817
.0419205646501467,.44793111,1571,755,816
.0419330002670947,.44793066,1571,756,815
.0419611674361347,.44792968,1571,758,813
.0420501841011494,.44792664,1571,758,812
.0420714278471991,.44792593,1571,759,812
.0420918334788815,.4479253,1571,760,811
.0422162987313101,.44792411,1571,762,809
.0422617650500384,.44792369,1571,763,808
.0423768129164502,.44792265,1571,763,808
.0424145067001648,.44792229,1571,764,807
.0424456625993967,.44792199,1571,765,806
.0424576525002682,.44792193,1571,766,805
.0424608092917996,.44792187,1571,767,804
.0425398230761362,.44792098,1571,768,802
.0426162470044486,.44792002,1571,770,801
.0427250379036718,.44791856,1571,770,801
.0427553559602728,.44791803,1571,772,799
.0427800711198515,.44791758,1571,773,798
.042822871214435,.44791684,1571,774,797
.0429346480812669,.44791487,1571,774,797
.0430544359144442,.44791248,1571,775,796
.0430703566529787,.44791216,1571,777,794
.0431166798080768,.44791117,1571,778,793
.0431522147232719,.44791037,1571,779,792
.043186314375867,.44790918,1571,779,792
.0432375782539376,.44790745,1571,780,790
.043239102426116,.44790742,1571,781,790
.0432864709494968,.44790584,1571,783,788
.0433632897529316,.44790334,1571,783,788
.0434318566200356,.44790101,1571,785,786
.0434983036663038,.44789883,1571,785,786
.0434986896090659,.44789881,1571,786,784
.0435879502895679,.44789559,1571,788,783
.0437189217902275,.44789091,1571,788,783
.0438504705632377,.44788602,1571,789,782
.0439638311582867,.44788185,1571,791,780
.0441050535643272,.44787681,1571,791,780
.0441925922357524,.44787377,1571,792,779
.0442378508719975,.44787216,1571,793,777
.0443365621797853,.44786867,1571,794,777
.044414766481993,.44786581,1571,796,775
.0444441151157667,.44786474,1571,796,775
.0445918633333255,.44785899,1571,798,773
.0446387254794532,.44785717,1571,798,772
.0447774798838299,.44785193,1571,799,771
.0447905067873101,.44785142,1571,801,770
.0447937614319258,.4478513,1571,802,769
.0449484760785213,.44784543,1571,802,769
.0450627429490679,.44784045,1571,804,767
.0451202013954374,.44783786,1571,804,767
.0452141292094662,.44783363,1571,805,765
.0454905578043415,.44782111,1571,806,765
.0455023541033131,.4478206,1571,807,764
.0455496158348516,.44781876,1571,808,763
.0456106088439778,.4478164,1571,810,761
.0456536346286451,.4478147,1571,810,761
.0459177215129084,.44780454,1571,812,759
.0459828402984558,.44780192,1571,813,758
.0461718359407828,.44779444,1571,814,757
.0463084925575239,.44778907,1571,814,757
.0463568152402094,.44778723,1571,815,756
.0465295618707181,.44778019,1571,816,755
.0465481833191495,.44777942,1571,817,754
.0466428641752855,.44777533,1571,819,752
.0467754623267711,.44776979,1571,820,751
.0468059182071485,.44776857,1571,820,751
.0468130118287627,.4477683,1571,821,750
.046899971638113,.44776458,1571,822,749
.046933184840141,.44776317,1571,824,747
.0470057342078228,.44776013,1571,824,747
.0470805771308984,.44775695,1571,825,746
.0471923117458778,.44775221,1571,826,745
.0472193393810496,.44775099,1571,828,743
.0472559129321317,.44774935,1571,828,743
.0473921799212058,.44774318,1571,829,742
.0474843485140007,.44773883,1571,830,741
.0475017268498443,.44773799,1571,831,740
.0475253753271636,.44773683,1571,832,739
.0476883631536374,.44772878,1571,834,737
.0478911933119126,.44771883,1571,834,737
.0478985940453197,.44771847,1571,835,735
.0481488987859211,.44770652,1571,837,734
.0482419477157037,.44770199,1571,838,733
.04827194642142,.44770059,1571,839,732
.0482814305773031,.44770008,1571,839,732
.0484469012436635,.44769278,1571,841,730
.048572344180951,.44768703,1571,842,729
.048672434140414,.44768277,1571,842,728
.0487618209939153,.44767907,1571,844,727
.048808973365601,.44767708,1571,844,727
.0489169263408297,.44767243,1571,846,725
.0489543628380534,.44767082,1571,847,724
.0489968348090005,.44766858,1571,848,723
.0491160526530564,.44766337,1571,848,723
.0492283473737587,.44765848,1571,850,721
.0493312003733993,.44765395,1571,850,721
.0494462957577999,.44764858,1571,852,719
.049470002326809,.44764736,1571,852,719
.0494738792740696,.44764718,1571,853,718
.0494880353514156,.44764647,1571,855,716
.0495086415796944,.4476454,1571,856,715
.0495168313936434,.44764495,1571,857,714
.0496101749616239,.44763985,1571,858,713
.049878489972433,.44762513,1571,858,713
.049932369404318,.44762233,1571,859,712
.0499334194594717,.4476223,1571,861,710
.0499815219903094,.4476198,1571,861,710
.0499852300445339,.44761962,1571,863,708
.0500551290687809,.44761598,1571,863,708
.0501717507224365,.44761023,1571,865,706
.050172717357327,.44761017,1571,866,705
.0502288081693223,.44760716,1571,867,704
.0503247479610883,.44760197,1571,867,704
.0504503556004596,.44759524,1571,868,702
.0504505030341165,.44759524,1571,870,701
.050505593794845,.44759229,1571,870,701
.0505842880049927,.44758803,1571,871,700
.0506007832763564,.44758704,1571,872,699
.0506026375939924,.44758692,1571,874,697
.05067249941464,.44758156,1571,874,696
.0507281997455786,.4475773,1571,875,695
.050852198179928,.44756773,1571,876,695
.0509475858934442,.44756043,1571,877,694
.0509809504224443,.4475579,1571,879,692
.0510913111938879,.44754952,1571,879,692
.0511818024571777,.44754285,1571,880,691
.051184654022187,.44754264,1571,881,690
.0512903505956343,.44753471,1571,882,688
.051298589394248,.44753411,1571,883,688
.0513229659693729,.4475323,1571,885,686
.051387444828668,.44752765,1571,886,685
.0515645930824844,.44751489,1571,886,685
.0515996028368742,.44751233,1571,887,683
.0516091977121263,.44751206,1571,888,683
.0516411998155944,.44751099,1571,890,681
.0516466479791377,.44751081,1571,891,680
.0518812296920681,.44750297,1571,892,679
.0519043752241946,.44750223,1571,892,679
.0519110153976925,.44750199,1571,894,677
.0519167043791968,.44750178,1571,895,676
.0519317419069189,.44750121,1571,895,676
.0520014814533089,.44749859,1571,896,675
.0520430981367245,.44749707,1571,898,673
.052133091879094,.44749373,1571,898,673
.0522066920481654,.44749099,1571,899,672
.0523364304625637,.44748616,1571,900,671
.0523834568971667,.4474844,1571,902,669
.0525710642909694,.44747722,1571,903,668
.0526237702156074,.44747519,1571,904,667
.0527222954380358,.4474715,1571,904,666
.0527655033006959,.44746986,1571,905,666
.0527952053047587,.44746879,1571,907,664
.0528153123350214,.44746804,1571,908,663
.0528171461250575,.44746798,1571,908,663
.0530962416808443,.44745803,1571,910,661
.0531045979296338,.4474577,1571,910,661
.0531413058641091,.44745621,1571,912,659
.0533271259069914,.44744873,1571,912,658
.0535959396890712,.44743803,1571,914,657
.0536648381594323,.44743526,1571,914,657
.053714269578457,.44743329,1571,916,655
.0538161367973962,.44742909,1571,917,654
.0538933675107228,.44742596,1571,917,654
.0538938607015858,.44742593,1571,918,652
.054104633899529,.44741672,1571,920,651
.054435492155742,.44740304,1571,921,650
.0544563425705838,.44740257,1571,922,649
.054697774510426,.44739705,1571,923,648
.0547780694156242,.44739506,1571,923,648
.0549073913715606,.4473919,1571,925,646
.0549340160227222,.44739115,1571,925,646
.0549724720527667,.44738978,1571,926,644
.0551977630277949,.44738194,1571,927,644
.0552284993871585,.44738194,1571,928,643
.0553065863981356,.44738197,1571,929,642
.055427280169564,.44738203,1571,930,641
.0554811532178131,.44738224,1571,932,639
.0554921108060326,.44738227,1571,933,638
.0555302300385642,.44738242,1571,933,638
.0555804641316133,.44738263,1571,934,637
.0555971800132537,.44738272,1571,935,636
.0556227617812868,.44738287,1571,936,635
.0557063195289761,.44738343,1571,937,634
.0557444891386015,.44738376,1571,939,632
.055911499108187,.44738516,1571,939,632
.0560691525740021,.44738701,1571,941,630
.0560737444873527,.44738707,1571,941,630
.0562623148260771,.44738889,1571,942,629
.0563785034798825,.44738999,1571,943,628
.0564570793219558,.4473905,1571,945,626
.0564666199996281,.44739056,1571,945,626
.0565655963168526,.44739139,1571,947,624
.0566652737425966,.44739196,1571,948,623
.0566829738173448,.44739226,1571,948,623
.0568873629396023,.44739616,1571,950,621
.0568969940165035,.44739634,1571,950,620
.0569688362188488,.44739771,1571,951,620
.0569762054518262,.44739783,1571,953,618
.0570530515710351,.44739887,1571,953,618
.0571001206823874,.44739944,1571,955,616
.0572478955387344,.44739968,1571,955,616
.0572884957072746,.44739982,1571,956,614
.0575442240638423,.44740069,1571,957,614
.0575904625801523,.44740084,1571,959,612
.0576473913012509,.44740108,1571,960,611
.0579601761275555,.44739661,1571,961,610
.0579733668659279,.44739643,1571,961,610
.0580338228596738,.44739571,1571,962,609
.058054592842598,.44739547,1571,964,607
.0583454365357983,.44739217,1571,964,607
.0583960211685992,.44739133,1571,966,605
.0584896490258822,.44738975,1571,966,605
.0587282139989037,.44738573,1571,968,603
.058782717165522,.44738466,1571,969,602
.0588192183674875,.44738388,1571,970,601
.0589190053180775,.44738102,1571,970,601
.0591114354665274,.44737574,1571,971,600
.0591793418320504,.44737396,1571,973,598
.059202452844906,.44737336,1571,973,598
.0593644049026663,.44736904,1571,974,596
.0595329456105385,.4473646,1571,976,595
.0595653834223743,.44736302,1571,977,594
.0599068165710595,.4473471,1571,978,593
.0599756942466279,.44734392,1571,979,592
.060091211986795,.4473387,1571,979,592
.06009897344222,.44733834,1571,980,591
.0601607750569723,.44733521,1571,981,590
.0602570755177891,.44733006,1571,983,588
.0602620809575165,.44732979,1571,983,588
.0604153784228022,.44732106,1571,984,587
.060470829549641,.44731784,1571,986,585
.0605411774085789,.44731319,1571,987,584
.0607385827684845,.44730079,1571,988,583
.0608653152269172,.44729307,1571,989,582
.0612163974329549,.44727176,1571,990,581
.0612288415625983,.44727102,1571,991,580
.0613768729171288,.44726273,1571,991,580
.0613801154433106,.44726256,1571,993,578
.0614813145542646,.44725704,1571,993,578
.0615003491966994,.44725603,1571,995,576
.0615418073258093,.44725379,1571,995,576
.061578341505272,.4472518,1571,996,575
.0618842758863288,.44723523,1571,998,573
.0620579053810681,.44722602,1571,999,572
.0621326510285323,.44722211,1571,1000,571
.0624870231220298,.44720468,1571,1001,570
.0625555387505037,.44720137,1571,1001,570
.062672416718428,.44719589,1571,1002,569
.0627700643652469,.44719133,1571,1003,568
.063145289908389,.44717422,1571,1005,566
.0632412200353175,.44717011,1571,1006,565
.0632883695479422,.44716802,1571,1007,564
.0633552630745844,.44716501,1571,1007,564
.0634404708310771,.44716117,1571,1009,562
.0634831062645316,.44715923,1571,1009,562
.0636905593489906,.44715002,1571,1010,561
.0638125325117747,.44714469,1571,1011,559
.0638345123797026,.44714373,1571,1013,558
.0641046308451384,.44713297,1571,1013,558
.0643881096046582,.44712213,1571,1014,557
.0644062274333812,.44712144,1571,1016,555
.0644209270170205,.44712082,1571,1017,554
.064862099715153,.447101,1571,1018,553
.0648777905355448,.44710031,1571,1019,552
.0651806424918062,.44708681,1571,1019,551
.0655259590075223,.44707182,1571,1021,550
.0655513758387056,.44707069,1571,1022,549
.0655920932513483,.44706836,1571,1023,548
.0656522280171337,.44706503,1571,1023,548
.0656617592190512,.44706449,1571,1024,547
.0657239640462564,.44706112,1571,1026,545
.0658209772674545,.44705591,1571,1026,545
.0658521905952907,.44705421,1571,1028,543
.0658615821503864,.4470537,1571,1028,543
.065941902608737,.44704929,1571,1030,541
.0659608540058114,.44704828,1571,1031,540
.0660087848294616,.44704574,1571,1031,540
.0660278112070312,.44704467,1571,1033,538
.0660405948731384,.44704399,1571,1033,538
.0660712752947107,.44704229,1571,1034,537
.0660845918866651,.44704157,1571,1036,535
.066149287524363,.44703811,1571,1036,534
.0661632291864017,.4470374,1571,1037,533
.066370986429886,.44702619,1571,1038,533
.066400794668751,.44702461,1571,1039,532
.0664965486689853,.44701937,1571,1040,531
.0665037099037736,.44701898,1571,1042,529
.0665968413192107,.44701508,1571,1042,529
.0668327526220293,.44700509,1571,1043,527
.066929687756929,.44700107,1571,1045,526
.0669326184471421,.44700095,1571,1046,525
.0670170046242091,.44699785,1571,1046,525
.0671327966148978,.44699353,1571,1048,523
.0671527083203291,.44699273,1571,1049,522
.0671970801781544,.44699091,1571,1049,522
.0672545196184873,.44698852,1571,1050,521
.0672650238061945,.44698808,1571,1051,519
.0673486643634017,.44698447,1571,1053,518
.0673569219836648,.44698414,1571,1053,518
.0673789492418686,.44698319,1571,1055,516
.0673818388085106,.44698307,1571,1055,515
.0675176199657853,.44697762,1571,1056,515
.0675893802137018,.44697472,1571,1058,513
.0677437315958638,.44696867,1571,1058,512
.0679037872193998,.44696099,1571,1060,511
.0679539655021949,.44695863,1571,1060,511
.0679559644446373,.44695854,1571,1061,510
.0679968313150767,.4469566,1571,1063,508
.0683578374100008,.44693968,1571,1064,507
.0684922537967796,.44693288,1571,1065,506
.0684947541668204,.44693273,1571,1066,505
.0687008280776528,.44692236,1571,1066,505
.0687066365803129,.44692206,1571,1068,503
.0690820644108278,.44689927,1571,1069,502
.0690874484541027,.44689894,1571,1069,502
.0691532633856928,.44689476,1571,1071,500
.0693614343603471,.4468824,1571,1071,500
.0694518412334585,.44687694,1571,1072,499
.0694789059268537,.44687524,1571,1074,497
.0697925238655834,.44685557,1571,1075,496
.069865910034088,.44685015,1571,1075,496
.070317642637959,.44681731,1571,1076,494
.0703891632212313,.44681212,1571,1077,494
.0705064392175571,.44680375,1571,1079,492
.0705832185265141,.44679824,1571,1079,492
.0706091367198985,.44679639,1571,1081,490
.070727175369758,.4467878,1571,1081,489
.0707412193464959,.44678676,1571,1083,488
.0708099935646614,.44678149,1571,1084,487
.0708442665405921,.44677883,1571,1084,487
.0708587494841886,.44677767,1571,1086,485
.070926400349955,.44677195,1571,1086,485
.0709973206727952,.44676536,1571,1087,484
.0712930560101259,.44673783,1571,1089,482
.0713704783444715,.44673061,1571,1089,482
.0714096137230601,.44672698,1571,1090,481
.0714430133309974,.44672388,1571,1092,479
.0718407629441971,.446684,1571,1092,479
.0721513889789359,.44665378,1571,1093,478
.0723314864559167,.44663584,1571,1094,477
.072408826704662,.44662803,1571,1096,475
.072505009913095,.44661835,1571,1096,475
.0725988254591445,.44660908,1571,1097,474
.0727636479509297,.44659233,1571,1098,473
.0727659707683842,.44659209,1571,1100,471
.0732069564187585,.44654831,1571,1100,471
.0732310014101893,.44654775,1571,1101,470
.0734089605798558,.44654375,1571,1102,469
.0735002921178758,.4465417,1571,1104,467
.0738105853264458,.44653517,1571,1105,466
.073893478716243,.44653279,1571,1105,465
.074147557798996,.44652519,1571,1107,464
.0742096145422489,.44652313,1571,1107,464
.0743443245713971,.44651878,1571,1108,463
.0744324695219681,.44651616,1571,1109,462
.0744810493296117,.44651476,1571,1110,461
.074537409502484,.44651303,1571,1112,459
.074574468901787,.44651183,1571,1113,458
.0746978416174557,.4465085,1571,1113,458
.0747702035591567,.44650662,1571,1115,456
.0749118262721732,.44650304,1571,1116,455
.0749127883680914,.44650301,1571,1116,455
.0750438049422428,.44649974,1571,1118,453
.0750546619655052,.44649944,1571,1119,452
.0752122710837445,.44649553,1571,1119,452
.0754066986974187,.44649068,1571,1120,451
.0754620875347553,.44648936,1571,1122,449
.0756509959066486,.44648504,1571,1122,449
.0756733409568201,.44648445,1571,1123,447
.0757377961163793,.44648314,1571,1124,447
.0760341156237147,.44647726,1571,1126,445
.0763719449663701,.44647169,1571,1127,444
.0764103116484663,.44647107,1571,1128,443
.0764107683996151,.44647104,1571,1129,442
.0764730105837261,.44646993,1571,1129,442
.0765466055767272,.44646865,1571,1130,441
.0766617499096377,.44646668,1571,1132,439
.0767589743075395,.44646472,1571,1133,438
.0767733301992777,.44646445,1571,1133,438
.0769623641300729,.44646093,1571,1135,436
.0770444523116861,.44645938,1571,1136,435
.0770952677756997,.44645837,1571,1136,434
.0771906619042313,.44645649,1571,1137,434
.0772262916932286,.44645581,1571,1139,432
.0773503671998001,.44645336,1571,1140,431
.0773727885936707,.44645268,1571,1140,431
.0775988677041154,.44644555,1571,1141,429
.0776721101087299,.4464432,1571,1143,428
.0779070841337056,.44643578,1571,1144,427
.0779386743058638,.44643506,1571,1145,426
.0779827849558872,.44643414,1571,1146,425
.0781339072891271,.44643074,1571,1147,424
.0782059987554159,.44642919,1571,1148,423
.0782452121011203,.4464283,1571,1149,422
.0782483890774925,.44642821,1571,1150,421
.0782714902129453,.44642764,1571,1151,420
.0782736144187565,.44642761,1571,1152,419
.0784316623117413,.44642305,1571,1152,419
.0786501408093288,.44641602,1571,1153,418
.0787424261549441,.44641283,1571,1154,417
.0787639841973689,.44641209,1571,1156,415
.0788080760683401,.44641051,1571,1157,414
.0788784819531264,.44640809,1571,1158,413
.0789052446905048,.44640717,1571,1158,412
.0790240184762798,.44640341,1571,1159,412
.0794936614576334,.44638905,1571,1160,411
.0794961951308194,.44638899,1571,1162,409
.0796553548873035,.44638419,1571,1163,408
.0796692882582401,.4463838,1571,1163,408
.0799473762549221,.44637564,1571,1164,407
.0799582887558221,.44637531,1571,1166,405
.0801689771921475,.44636923,1571,1166,404
.0807559392113249,.44634968,1571,1168,403
.081109482906588,.4463385,1571,1169,402
.0811932866043089,.44633627,1571,1169,402
.0812098159358952,.44633585,1571,1170,401
.0812229865718015,.44633549,1571,1171,399
.0813802923830378,.4463309,1571,1173,398
.0814300444363024,.44632944,1571,1174,397
.0818346225192591,.44631746,1571,1175,396
.0819789811445302,.44631267,1571,1175,395
.082565559285994,.44629318,1571,1176,395
.0825700589337501,.44629303,1571,1178,393
.0828439137735054,.44628254,1571,1179,392
.0829357092311561,.44627908,1571,1179,392
.0829452604668859,.44627872,1571,1180,391
.082974646543027,.44627762,1571,1182,389
.0830320370931211,.44627559,1571,1183,388
.083213465841545,.44626936,1571,1183,388
.0832433200739666,.44626835,1571,1185,386
.0833376022980371,.44626486,1571,1186,385
.0834852938418066,.44625837,1571,1187,384
.0838374751413215,.44624361,1571,1187,384
.0840357599391049,.44623512,1571,1189,382
.0845945268284748,.44621259,1571,1189,382
.0846823486103457,.44620863,1571,1191,380
.0851142657182763,.44619063,1571,1191,379
.0851822514537894,.44618782,1571,1192,379
.0852907259504347,.44618395,1571,1193,378
.085445238429336,.44617847,1571,1195,376
.085451693177428,.44617826,1571,1195,376
.085518813721171,.44617587,1571,1196,375
.0855749650338592,.44617385,1571,1197,374
.085635440893785,.44617149,1571,1198,373
.0857824997053374,.44616562,1571,1199,372
.0858330447592432,.44616365,1571,1200,371
.0859915588328632,.44615763,1571,1202,369
.0860773101411173,.44615397,1571,1203,368
.0861239796908097,.44615191,1571,1203,368
.0861773390266433,.44614935,1571,1205,366
.0862556257093876,.44614562,1571,1206,365
.0865060389624524,.4461337,1571,1206,365
.0865526513335141,.4461315,1571,1207,364
.0865558596054105,.44613135,1571,1209,362
.0866099583672401,.44612882,1571,1210,361
.0872306353703132,.44610044,1571,1210,361
.0874788282462997,.44608951,1571,1212,359
.0877440329260618,.44607902,1571,1213,358
.0877518364641797,.44607872,1571,1214,357
.0877986479766587,.4460769,1571,1214,357
.0881700025405942,.44606265,1571,1216,355
.0882188491244637,.44606087,1571,1216,355
.0884623694070265,.44605219,1571,1218,353
.0886062657558781,.44604746,1571,1219,352
.0887110901237731,.44604424,1571,1219,352
.0887480830445286,.44604307,1571,1220,351
.0887666960989836,.44604251,1571,1222,349
.0891887025306757,.44603044,1571,1223,348
.0891999993833316,.44603011,1571,1224,347
.0893484764442266,.44602644,1571,1224,347
.0893693504410063,.44602588,1571,1226,345
.0896001984309066,.44601965,1571,1226,345
.0901130200326397,.44600672,1571,1227,344
.0902650101205169,.44600368,1571,1228,342
.0902877892678939,.44600317,1571,1229,342
.0903505244320853,.44600174,1571,1230,341
.0904101762221542,.44600043,1571,1231,340
.0906294382760195,.44599584,1571,1232,339
.0906590673468903,.44599521,1571,1233,338
.0907612427303964,.44599506,1571,1234,337
.091471037877176,.44599503,1571,1235,336
.0916449117441244,.44599527,1571,1236,335
.0918006940851613,.44599566,1571,1238,333
.0920960414400172,.44599646,1571,1239,332
.0921899508392131,.44599494,1571,1240,331
.0923125177066088,.44599298,1571,1240,331
.0923705095857749,.44599196,1571,1242,329
.0925288503598299,.44598913,1571,1243,328
.092885373951333,.44598326,1571,1243,328
.0934560370668382,.44597536,1571,1244,327
.0935398495933663,.4459742,1571,1246,325
.0937048517101021,.44597188,1571,1246,325
.093982044985914,.44596681,1571,1247,324
.0940443068939856,.44596529,1571,1248,322
.0941013331686697,.44596377,1571,1249,322
.0942418982465231,.44596022,1571,1250,321
.0945645406711288,.44595242,1571,1251,320
.0947304312117665,.44594872,1571,1253,318
.0948268541357823,.4459466,1571,1253,318
.0952494077078398,.44593772,1571,1255,316
.0953138199694932,.44593638,1571,1255,316
.0953854199211782,.44593489,1571,1256,314
.0954629471796631,.4459331,1571,1258,313
.0954877251460337,.44593254,1571,1258,313
.0956345853622827,.44592795,1571,1260,311
.0964521279704347,.445903,1571,1260,311
.0978343555410897,.44586563,1571,1261,310
.0980470362880592,.44585949,1571,1262,309
.0981550186646493,.44585639,1571,1264,307
.0983732733498422,.44585052,1571,1265,306
.0984678891940237,.44584808,1571,1265,306
.0988675702186841,.44583789,1571,1267,304
.0991555316621705,.44583094,1571,1267,304
.0994845743203256,.44582093,1571,1269,302
.1000668523561557,.44580507,1571,1269,301
.1003778111778668,.44579664,1571,1270,301
.1005570442413585,.44579187,1571,1271,299
.1011716195780575,.4457728,1571,1272,299
.1011787825802776,.44577259,1571,1274,297
.101659149747153,.44575745,1571,1274,296
.1018042846726556,.44575223,1571,1275,296
.1019428647009749,.44574675,1571,1277,294
.1020576354757621,.44574225,1571,1277,294
.1023221576747432,.44573188,1571,1278,293
.1024353068307961,.44572911,1571,1279,291
.1026128017715637,.44572443,1571,1281,290
.1027012335926404,.44572195,1571,1282,289
.1027485094109453,.44572064,1571,1282,289
.1028074449542518,.44571894,1571,1284,287
.1030569156803476,.44571304,1571,1285,286
.1030694783842032,.44571275,1571,1286,285
.1040697023614685,.44568992,1571,1287,284
.1045924749027599,.44567913,1571,1287,284
.1046028821434118,.44567889,1571,1289,282
.1046343641464331,.44567814,1571,1289,281
.1046530482181374,.4456777,1571,1290,281
.1049624914055526,.44567087,1571,1292,279
.1050297404859658,.44566926,1571,1293,278
.1052318687937533,.44566461,1571,1294,277
.1056341111652866,.44565493,1571,1295,276
.1059102515493918,.4456436,1571,1296,275
.1064501764072049,.44562188,1571,1296,275
.1068439230736044,.44560626,1571,1298,273
.1070660600303783,.44559786,1571,1299,272
.1076570126860748,.44557461,1571,1300,271
.107687303410391,.44557354,1571,1300,271
.1077902518237552,.44556969,1571,1301,269
.1086796646056742,.44553629,1571,1303,268
.1090096716160484,.44552374,1571,1303,268
.1090133237227307,.44552359,1571,1305,266
.1094576124163948,.44550684,1571,1305,266
.1097325761168213,.44551468,1571,1307,264
.1098958224024986,.44551942,1571,1308,263
.1100556143251398,.44552416,1571,1309,262
.1104264198707959,.44553506,1571,1310,261
.1104405699809408,.44553548,1571,1311,260
.1104606999012582,.44553611,1571,1311,260
.110470138091829,.44553638,1571,1313,258
.110494407241247,.44553691,1571,1313,258
.1106715747942216,.44554043,1571,1314,256
.1108399760003211,.44554392,1571,1315,256
.1110659893556972,.44554782,1571,1317,254
.1111481351993671,.44554934,1571,1318,253
.111343905383248,.44555312,1571,1318,253
.1114199170526706,.44555461,1571,1320,251
.1124371278850199,.44557041,1571,1320,251
.112764017787541,.44557559,1571,1321,250
.1133163048258247,.44558421,1571,1323,248
.1136719673242617,.44558945,1571,1324,247
.1137025491882214,.4455899,1571,1324,246
.1137636612129553,.44559082,1571,1326,245
.1138206855058737,.44559142,1571,1327,244
.1139780249338405,.44559327,1571,1327,243
.1142401086584473,.44559658,1571,1328,243
.114691336322774,.44560325,1571,1330,241
.1148404196628828,.44560403,1571,1331,240
.1149159698344672,.44560418,1571,1332,239
.1160594398666691,.44560784,1571,1333,238
.1161709590769555,.44560903,1571,1334,237
.1163290193198614,.44561073,1571,1335,236
.1164345761889601,.44561195,1571,1335,235
.1165021906899122,.44561252,1571,1337,234
.1166661594008288,.44561365,1571,1337,234
.1167630099634582,.44561416,1571,1339,232
.1169605399886858,.44561481,1571,1340,231
.1169643475525874,.44561481,1571,1340,231
.1170103298696047,.44561493,1571,1341,229
.1171251891168244,.4456152,1571,1343,228
.1173261965682782,.44561574,1571,1344,227
.1175957464559389,.44561559,1571,1344,226
.1176096195232099,.44561559,1571,1345,225
.11763840242,.44561562,1571,1347,224
.1177728986322441,.44561544,1571,1348,223
.1179937959684066,.4456155,1571,1348,223
.1180399319520671,.44561553,1571,1349,221
.1186839412701802,.44561473,1571,1351,220
.1188066347353576,.44561467,1571,1352,219
.1190540033312365,.4456135,1571,1353,218
.1194396576213635,.44561183,1571,1353,218
.119538743503609,.44561148,1571,1354,217
.1196908346148171,.44561091,1571,1356,215
.1198024929116601,.44561055,1571,1357,214
.1199161765295211,.44561023,1571,1357,214
.1205475985194258,.44560775,1571,1359,212
.1209695145892609,.44560623,1571,1359,212
.1212410640343383,.44560483,1571,1360,211
.1213401389458265,.44560453,1571,1361,209
.123298095992165,.44558316,1571,1363,208
.1236147366363836,.4455798,1571,1364,207
.1239109898349997,.44557688,1571,1364,207
.1239704676041811,.44557625,1571,1365,205
.1241692044793167,.44557315,1571,1367,204
.1241761646677735,.44557303,1571,1368,203
.1242272427689662,.4455719,1571,1368,203
.1243815130426222,.44556847,1571,1369,201
.1250590468640314,.44555396,1571,1370,201
.1256220400841494,.44554111,1571,1371,199
.126164536172757,.44552979,1571,1372,198
.1262903991817597,.44553393,1571,1374,197
.1267779784516479,.44554633,1571,1374,196
.1274153594849947,.44556931,1571,1375,196
.1285044982183424,.4456003,1571,1376,195
.1288795911987676,.44561222,1571,1377,193
.129372476622901,.44562757,1571,1379,192
.1293868775915788,.44562802,1571,1380,191
.129722164786365,.44563827,1571,1380,190
.1297842198813546,.44564027,1571,1382,189
.129790283538969,.44564044,1571,1383,188
.1304311678410954,.44566029,1571,1383,188
.1307129866384448,.44566861,1571,1385,186
.1316332342878252,.44569626,1571,1385,185
.1316675337848306,.44569743,1571,1387,184
.1318572651538976,.44570521,1571,1388,183
.1325984862124603,.44573644,1571,1388,182
.1329646979044312,.44575191,1571,1390,181
.1329911816972556,.44575295,1571,1390,180
.1333299504110235,.44576654,1571,1391,180
.1337580441359132,.4457843,1571,1392,179
.1347194683325524,.44582385,1571,1394,177
.1348157603552232,.44582736,1571,1395,176
.1351293426720519,.44583899,1571,1395,176
.1352858617196785,.44584444,1571,1396,175
.1354512028556143,.44585028,1571,1397,173
.1358168793297172,.44586426,1571,1399,172
.1361907753666652,.44587824,1571,1399,171
.1363333604845995,.44588339,1571,1400,170
.1376798780881226,.44593087,1571,1401,169
.1380219155765037,.44594285,1571,1402,168
.1385104818472145,.44596016,1571,1403,168
.1393282224575794,.44598949,1571,1404,166
.1395778144256115,.44599852,1571,1405,165
.1405745355869497,.44603646,1571,1407,164
.1409402288772326,.44605032,1571,1407,163
.1413373162756343,.44606555,1571,1408,162
.1418321050396911,.44608444,1571,1409,162
.1422116047771003,.44609934,1571,1411,160
.1423527015031235,.44610474,1571,1411,159
.1430258584398227,.44612929,1571,1413,158
