model,equation,cutoff,N,countries,years,first_year,last_year,r2_within,r2_overall,df_r,macro_controls,external_controls
DN1_core,debt,.0748846517733506,1373,60,27,1995,2021,.35279912,.091209985,1284,0,0
DN2_macro,debt,.0748846517733506,1373,60,27,1995,2021,.38059026,.11717118,1282,1,0
DN3_full,debt,.0748846517733506,1373,60,27,1995,2021,.38349622,.12324093,1280,1,1
RN1_core,ready,.0369337787568445,1399,59,28,1995,2022,.36370599,.021740356,1310,0,0
RN2_macro,ready,.0369337787568445,1399,59,28,1995,2022,.36423761,.023433292,1308,1,0
RN3_full,ready,.0369337787568445,1399,59,28,1995,2022,.36947459,.00027794723,1306,1,1
RDN1_core,ready_debt,.0748846517733506,1399,59,28,1995,2022,.36335531,.080126889,1310,0,0
RDN2_macro,ready_debt,.0748846517733506,1399,59,28,1995,2022,.36342147,.080602512,1308,1,0
RDN3_full,ready_debt,.0748846517733506,1399,59,28,1995,2022,.3672289,.040001944,1306,1,1
